-- MySQL dump 10.13  Distrib 8.0.29, for Win64 (x86_64)
--
-- Host: spoonsemiproject.c8g4wislhsyf.ap-northeast-2.rds.amazonaws.com    Database: spoon
-- ------------------------------------------------------
-- Server version	8.0.28

/*!40101 SET @OLD_CHARACTER_SET_CLIENT=@@CHARACTER_SET_CLIENT */;
/*!40101 SET @OLD_CHARACTER_SET_RESULTS=@@CHARACTER_SET_RESULTS */;
/*!40101 SET @OLD_COLLATION_CONNECTION=@@COLLATION_CONNECTION */;
/*!50503 SET NAMES utf8 */;
/*!40103 SET @OLD_TIME_ZONE=@@TIME_ZONE */;
/*!40103 SET TIME_ZONE='+00:00' */;
/*!40014 SET @OLD_UNIQUE_CHECKS=@@UNIQUE_CHECKS, UNIQUE_CHECKS=0 */;
/*!40014 SET @OLD_FOREIGN_KEY_CHECKS=@@FOREIGN_KEY_CHECKS, FOREIGN_KEY_CHECKS=0 */;
/*!40101 SET @OLD_SQL_MODE=@@SQL_MODE, SQL_MODE='NO_AUTO_VALUE_ON_ZERO' */;
/*!40111 SET @OLD_SQL_NOTES=@@SQL_NOTES, SQL_NOTES=0 */;
SET @MYSQLDUMP_TEMP_LOG_BIN = @@SESSION.SQL_LOG_BIN;
SET @@SESSION.SQL_LOG_BIN= 0;

--
-- GTID state at the beginning of the backup 
--

SET @@GLOBAL.GTID_PURGED=/*!80000 '+'*/ '';

--
-- Table structure for table `Admin_Pick`
--

DROP TABLE IF EXISTS `Admin_Pick`;
/*!40101 SET @saved_cs_client     = @@character_set_client */;
/*!50503 SET character_set_client = utf8mb4 */;
CREATE TABLE `Admin_Pick` (
  `NUM` smallint NOT NULL AUTO_INCREMENT,
  `RECIPE_IDX` smallint DEFAULT NULL,
  PRIMARY KEY (`NUM`),
  KEY `RECIPE_IDX` (`RECIPE_IDX`),
  CONSTRAINT `Admin_Pick_ibfk_1` FOREIGN KEY (`RECIPE_IDX`) REFERENCES `Recipe` (`RECIPE_IDX`) ON DELETE CASCADE
) ENGINE=InnoDB DEFAULT CHARSET=utf8mb3;
/*!40101 SET character_set_client = @saved_cs_client */;

--
-- Dumping data for table `Admin_Pick`
--

LOCK TABLES `Admin_Pick` WRITE;
/*!40000 ALTER TABLE `Admin_Pick` DISABLE KEYS */;
/*!40000 ALTER TABLE `Admin_Pick` ENABLE KEYS */;
UNLOCK TABLES;

--
-- Table structure for table `Admin_User`
--

DROP TABLE IF EXISTS `Admin_User`;
/*!40101 SET @saved_cs_client     = @@character_set_client */;
/*!50503 SET character_set_client = utf8mb4 */;
CREATE TABLE `Admin_User` (
  `NUM` smallint NOT NULL AUTO_INCREMENT,
  `USERID` varchar(20) DEFAULT NULL,
  `name` varchar(20) DEFAULT NULL,
  PRIMARY KEY (`NUM`),
  KEY `USERID` (`USERID`),
  CONSTRAINT `Admin_User_ibfk_1` FOREIGN KEY (`USERID`) REFERENCES `User` (`USERID`) ON DELETE CASCADE
) ENGINE=InnoDB DEFAULT CHARSET=utf8mb3;
/*!40101 SET character_set_client = @saved_cs_client */;

--
-- Dumping data for table `Admin_User`
--

LOCK TABLES `Admin_User` WRITE;
/*!40000 ALTER TABLE `Admin_User` DISABLE KEYS */;
/*!40000 ALTER TABLE `Admin_User` ENABLE KEYS */;
UNLOCK TABLES;

--
-- Table structure for table `Comment`
--

DROP TABLE IF EXISTS `Comment`;
/*!40101 SET @saved_cs_client     = @@character_set_client */;
/*!50503 SET character_set_client = utf8mb4 */;
CREATE TABLE `Comment` (
  `NUM` smallint NOT NULL AUTO_INCREMENT,
  `RECIPE_IDX` smallint DEFAULT NULL,
  `USERID` varchar(20) DEFAULT NULL,
  `content` varchar(300) DEFAULT NULL,
  `depth` int DEFAULT NULL,
  `seq` int DEFAULT NULL,
  `cgroup` int DEFAULT NULL,
  `writeday` datetime DEFAULT NULL,
  PRIMARY KEY (`NUM`),
  KEY `RECIPE_IDX` (`RECIPE_IDX`),
  KEY `USERID` (`USERID`),
  CONSTRAINT `Comment_ibfk_1` FOREIGN KEY (`RECIPE_IDX`) REFERENCES `Recipe` (`RECIPE_IDX`) ON DELETE CASCADE,
  CONSTRAINT `Comment_ibfk_2` FOREIGN KEY (`USERID`) REFERENCES `User` (`USERID`) ON DELETE CASCADE
) ENGINE=InnoDB AUTO_INCREMENT=67 DEFAULT CHARSET=utf8mb3;
/*!40101 SET character_set_client = @saved_cs_client */;

--
-- Dumping data for table `Comment`
--

LOCK TABLES `Comment` WRITE;
/*!40000 ALTER TABLE `Comment` DISABLE KEYS */;
INSERT INTO `Comment` VALUES (52,59,'eeee','테스트로 올리는 댓글',0,0,7,'2022-05-31 01:56:18'),(53,37,'eeee','댓글 남기기 기능',0,0,8,'2022-05-31 07:08:01'),(54,37,'eeee','대댓글 작성 기능 수정 가능',1,1,8,'2022-05-31 07:08:11'),(55,37,'eeee','대대댓글 작성 기능',2,2,8,'2022-05-31 07:08:24'),(61,26,'tester','11',0,0,9,'2022-06-02 17:05:16'),(62,26,'tester','22',1,1,9,'2022-06-02 17:05:20'),(63,26,'test','우오아ㅏ아아앙 맛잇게따ㅏ아ㅏ아아ㅏㅇ',0,0,10,'2022-06-03 02:18:25'),(64,61,'test','ㅇㅜㅇㅗㅏㅇㅏㅇㅏㅏ',0,0,11,'2022-06-03 03:13:37'),(65,97,'tester','댓긋',0,0,12,'2022-06-03 07:40:12'),(66,97,'tester','111',1,1,12,'2022-06-03 07:40:16');
/*!40000 ALTER TABLE `Comment` ENABLE KEYS */;
UNLOCK TABLES;

--
-- Table structure for table `Ingredient`
--

DROP TABLE IF EXISTS `Ingredient`;
/*!40101 SET @saved_cs_client     = @@character_set_client */;
/*!50503 SET character_set_client = utf8mb4 */;
CREATE TABLE `Ingredient` (
  `NUM` smallint NOT NULL AUTO_INCREMENT,
  `RECIPE_IDX` smallint DEFAULT NULL,
  `writeorder` smallint DEFAULT NULL,
  `bundle` varchar(20) DEFAULT NULL,
  `name` varchar(20) DEFAULT NULL,
  `quantity` varchar(20) DEFAULT NULL,
  PRIMARY KEY (`NUM`),
  KEY `RECIPE_IDX` (`RECIPE_IDX`),
  CONSTRAINT `Ingredient_ibfk_1` FOREIGN KEY (`RECIPE_IDX`) REFERENCES `Recipe` (`RECIPE_IDX`) ON DELETE CASCADE
) ENGINE=InnoDB AUTO_INCREMENT=249 DEFAULT CHARSET=utf8mb3;
/*!40101 SET character_set_client = @saved_cs_client */;

--
-- Dumping data for table `Ingredient`
--

LOCK TABLES `Ingredient` WRITE;
/*!40000 ALTER TABLE `Ingredient` DISABLE KEYS */;
INSERT INTO `Ingredient` VALUES (40,26,1,'햄버그','햄버그스테이크','1봉'),(41,26,1,'햄버그','샐러드용 채소','100g'),(42,27,1,'볶음밥','라조장 양파','1T'),(43,27,1,'볶음밥','모짜렐라 1봉','70g'),(44,28,1,'파스타','토마토 미트볼',' 1봉'),(45,28,1,'파스타','퀵스파게티면 ','80g'),(46,29,1,'그라탕','토마토 미트볼','1봉'),(47,29,1,'그라탕','슈레드치즈 모짜렐라','1봉'),(48,30,1,'초콜릿','쵸코 파우더','1T'),(49,30,1,'초콜릿','초콜릿','50g'),(50,31,1,'떡볶이',' 열라면 ','1개'),(51,31,1,'떡볶이','떡국떡',' 200g'),(52,32,1,'라면','진라면 ','1봉'),(53,32,1,'라면','대파',' 1/4대'),(54,33,1,'리조또',' 양송이 크림 파우치스프',' 1봉'),(55,33,1,'리조또','양파 ','1/4개'),(56,33,1,'리조또','표고버섯 ','1개'),(57,34,1,'라면','라면','1봉'),(58,34,1,'라면','숙주나물','30g'),(59,35,1,'꼬치구이','돼지고기 목살','300g'),(60,35,1,'꼬치구이','소시지','1개'),(61,35,1,'꼬치구이','청피망','1개'),(62,36,1,'비빔면','파채 양념','70g'),(63,36,1,'비빔면',' 칼국수 (건면)','100g'),(64,36,1,'비빔면','오이','20g'),(65,37,1,'삼계탕','삼계탕','1개'),(66,37,1,'삼계탕','훠궈 마라탕 소스','3T'),(67,38,1,'닭볶음탕','닭','1/2마리'),(68,38,1,'닭볶음탕','백세카레 분말 매운맛','1봉'),(69,39,1,'홍함탕',' 얼큰비법 매운탕양념','1개'),(70,39,1,'홍함탕','다진마늘 ','1T'),(71,40,1,'순두부','순둦부','1봉'),(72,40,1,'순두부','생쫄면사리','200g'),(73,41,1,'덮밥','차돌박이','300g'),(74,41,1,'덮밥','차돌된장찌개양념','1개'),(75,42,1,'스튜','새우','8마리'),(76,42,1,'스튜','오징어','1마리'),(77,43,1,'된장찌개','즉석애호박된장국','1봉'),(78,43,1,'된장찌개','애호박','1/6'),(79,44,1,'쭈꾸미 ','쭈꾸미 ','6마리'),(80,44,1,'쭈꾸미 ','삼겹살 ','300g'),(81,45,1,'목살스테이크','돼지고기 ','300g'),(82,45,1,'목살스테이크','오뚜기 블루베리쨈','1T'),(83,46,1,'바지락찜','바지락 ','800g'),(84,46,1,'바지락찜','청양고추 ','1개'),(85,46,1,'바지락찜','생마늘 ','10톨'),(86,47,1,'파스타','미역국 ','1봉'),(87,47,1,'파스타','마일드참치','1캔'),(88,48,1,'맥앤치즈','마카로니 ','90g'),(89,48,1,'맥앤치즈','스위트콘 ','1T'),(90,49,1,'떡볶이','크림스프','40g'),(91,49,1,'떡볶이','떡볶이떡 ','300g'),(92,50,1,'골뱅이','골뱅이1캔','300g'),(93,50,1,'골뱅이','오이','1개'),(94,51,1,'고등어김치찜','고등어','1개'),(95,51,1,'고등어김치찜','묵은지 ','1/4포기'),(96,52,1,' 단호박찜','오리고기','150g'),(97,52,1,' 단호박찜','모짜렐라 치즈','1봉'),(100,54,1,'포테이토',' 야채스프','20g'),(101,54,1,'포테이토','삶은 감자 ','1개'),(102,55,1,'오이무침','오이','3개'),(103,55,1,'오이무침','고추장','1큰술'),(104,56,1,'케일장아찌','케일40장','230g'),(105,56,1,'케일장아찌','간편장아찌소스','2개'),(106,57,1,'계란찜','계란','3개'),(107,57,1,'계란찜','찢은 게살','60g'),(108,58,1,'고등어 무조림','고등어',' 1마리'),(109,58,1,'고등어 무조림','무 ','300g'),(110,59,1,'계란장조림','달걀','8개'),(111,59,1,'계란장조림','간편장아찌소스','2개'),(112,60,1,'얼갈이 된장무침','얼갈이배추','1단'),(113,60,1,'얼갈이 된장무침','된장무침양념','3봉'),(114,61,1,'카레','카레 약간 매운맛','1/2t'),(115,61,1,'카레','오뚜기 프레스코 카놀라유','2t'),(116,62,1,'가츠동','통등심돈까스','300g'),(117,62,1,'가츠동','양조간장','5g'),(118,63,1,'야끼우동','우동면','150g'),(119,63,1,'야끼우동','오징어','70g'),(120,64,1,'숙주볶음','차슈요리 ','40g'),(121,64,1,'숙주볶음','대패삼겹살','250g'),(122,65,1,'콥샐러드','참치','1캔'),(123,65,1,'콥샐러드','스위트콘','3T'),(127,66,1,' 볶음밥','백세카레','35g'),(128,66,1,' 볶음밥','그린빈','3개'),(129,66,1,' 볶음밥','닭가슴살','1쪽'),(130,67,1,'가지볶음','가지','50g'),(131,67,1,'가지볶음','고소한참기름','1T'),(133,68,1,'카레','백세카레','100g'),(134,68,1,'카레','돼지고기 ','200g'),(135,69,1,'카레','바몬드카레 ','1봉'),(136,69,1,'카레','견과류','1줌'),(137,70,1,'수제비',' 밀가루 ','2컵'),(138,70,1,'수제비',' 매운탕양념','1개'),(139,71,1,'가지덮밥','가지','3개'),(140,71,1,'가지덮밥','마파두부양념 ','1개'),(185,79,1,'카레 ',' 쌀','2컵'),(186,79,1,'카레 ','카레','2T'),(187,79,1,'카레 ','토마토','1개'),(188,79,1,'카레 ','당근','40g'),(189,79,1,'카레 ','브로콜리','40g'),(190,79,1,'카레 ','표고버섯','2개'),(191,80,1,'만둣국','떡국떡 ','80g'),(192,80,1,'만둣국','대파 ',' 1/4대'),(193,80,1,'만둣국','손만두 ','4개'),(194,80,1,'만둣국','홍고추 ','1개'),(195,80,1,'만둣국','멸치장국 ','2T'),(196,80,1,'만둣국','참기름','1T'),(197,80,1,'만둣국','다진마늘','1t'),(198,81,1,'카레','가지 ','1개'),(199,81,1,'카레','양송이버섯 ','5개'),(200,81,1,'카레','치즈 ','4T'),(201,81,1,'카레','계란 ','3개'),(202,81,1,'카레','스파게티소스 토마토','7T'),(203,81,1,'카레','소시지 ','2개'),(204,82,1,'리조또','하프케챂','45g'),(205,82,1,'리조또','오트밀','60g'),(206,82,1,'리조또','마늘','1t'),(207,82,1,'리조또','올리브유','1T'),(208,82,1,'리조또','토마토','3개'),(209,82,1,'리조또','닭가슴살','80g'),(210,83,1,' 김밥','분말 순한맛','2T'),(211,83,1,' 김밥','참치','100g'),(212,84,1,'카레 ','카레','1봉'),(213,84,1,'카레 ','생면','1봉'),(214,84,1,'카레 ','생크림','150ml'),(215,85,1,'카레 ','카레 ','1봉'),(216,85,1,'카레 ','계란','1개'),(217,85,1,'카레 ','닭고기','300g'),(218,86,1,'카레 ','카레 ','1봉'),(219,86,1,'카레 ','강낭콩','300g'),(220,86,1,'카레 ','토마토','1개'),(221,87,1,'소세지','소세지','3개'),(222,87,1,'소세지','레스코 압착올리브유','1T'),(223,88,1,' 라자냐','소고기','300g'),(224,88,1,' 라자냐','새송이버섯','1개'),(225,88,1,' 라자냐','슈레드치즈 ','300g'),(226,89,1,'치킨 ','치킨 ','1개'),(227,89,1,'치킨 ','토마토케챂 ','1T'),(228,89,1,'치킨 ','레몬즙','1T'),(229,90,1,'카레토스트','카레','1봉'),(230,90,1,'카레토스트','슬라이스 치즈','4장'),(231,91,1,'카레 ','카레 ','1봉'),(232,91,1,'카레 ','펜네각각 ','300g'),(233,92,1,' 카레파스타','카레','1봉'),(234,92,1,' 카레파스타','파스타','1개'),(235,93,1,'스테이크카레','스테이크','1개'),(236,93,1,'스테이크카레','카레','1개'),(237,94,1,'채소 튀김','채소','3개'),(238,94,1,'채소 튀김','당근','1개'),(239,94,1,'채소 튀김','계란','3개'),(240,95,1,'단호박','단호박','1개'),(241,95,1,'단호박','계란','2개'),(242,95,2,'양념','마요네즈','30g'),(244,97,1,'고기','돼지고기','3'),(245,97,1,'고기','소고기','11'),(246,97,1,'고기','닭','2'),(247,97,2,'채소','양파','1'),(248,97,2,'채소','시금치','2');
/*!40000 ALTER TABLE `Ingredient` ENABLE KEYS */;
UNLOCK TABLES;

--
-- Table structure for table `Recipe`
--

DROP TABLE IF EXISTS `Recipe`;
/*!40101 SET @saved_cs_client     = @@character_set_client */;
/*!50503 SET character_set_client = utf8mb4 */;
CREATE TABLE `Recipe` (
  `RECIPE_IDX` smallint NOT NULL AUTO_INCREMENT,
  `USERID` varchar(20) DEFAULT NULL,
  `name` varchar(20) DEFAULT NULL,
  `intro` varchar(300) DEFAULT NULL,
  `category` varchar(20) DEFAULT NULL,
  `main_ing` varchar(50) DEFAULT NULL,
  `cooking` varchar(20) DEFAULT NULL,
  `portion` int DEFAULT NULL,
  `level` varchar(20) DEFAULT NULL,
  `main_photo` varchar(255) DEFAULT NULL,
  `complete_photo` varchar(500) DEFAULT NULL,
  `total_recom` int DEFAULT '0',
  `total_volunteer` int DEFAULT '0',
  `total_rate` int DEFAULT '0',
  `viewCount` int DEFAULT '0',
  `tags` varchar(200) DEFAULT NULL,
  `writeday` datetime DEFAULT NULL,
  PRIMARY KEY (`RECIPE_IDX`),
  KEY `USERID` (`USERID`),
  CONSTRAINT `Recipe_ibfk_1` FOREIGN KEY (`USERID`) REFERENCES `User` (`USERID`) ON DELETE CASCADE
) ENGINE=InnoDB AUTO_INCREMENT=98 DEFAULT CHARSET=utf8mb3;
/*!40101 SET character_set_client = @saved_cs_client */;

--
-- Dumping data for table `Recipe`
--

LOCK TABLES `Recipe` WRITE;
/*!40000 ALTER TABLE `Recipe` DISABLE KEYS */;
INSERT INTO `Recipe` VALUES (26,'tester','햄버그 스테이크 샐러드','오즈키친 데미글라스 햄버그스테이크로 만드는 초간단 샐러드! 뉴질랜드산 쇠고기와 제주산 돼지고기로 만든 큼직한 패티를 사용하여 그 자체로 충분해요. 깊고 풍부한 맛의 데미글라스에 양송이 건더기가 가득한 소스 맛은 더 설명할 필요도 없지요. 파우치 하나로 둘이서 사이좋게 먹기에 딱 좋아요. 샐러드 채소만 준비해서 잘 씻어서 곁들이면 별다른 드레싱 없이도 먹음직스러운 한 그릇이 완성!','양식','돼지고기','기타',1,'중급','2022_0530_114748_605.jpg','2022_0530_114748_606.jpg,no image,no image,no image',2,0,0,60,'햄버그,왕초보,스피드','2022-05-30 02:47:48'),(27,'tester','한라산볶음밥','냉동볶음밥도 더 맛있게 먹는 방법이 참 많아요. 이번에는 신선한 기름에 산초, 고추 등을 볶아 만든 라조장을 더해 감칠맛을 끌어올렸어요. 산처럼 쌓아 치즈가 쏟아져 내리는 모양으로 플레이팅하면 한라산을 닮은 볶음밥 완성! 볶음밥 한 입에 맛있는 즐거움이 폭발한답니다','밥/죽','채소류/버섯','볶음',1,'중급','2022_0530_115148_817.jpg','2022_0530_115148_818.jpg,2022_0530_115148_819.jpg,no image,no image',0,0,0,5,'계란요리,치즈듬뿍,야식,냉동볶음밥','2022-05-30 02:51:49'),(28,'tester','토마토 미트볼파스타','홈메이드 스타일로 만든 오즈키친 토마토 미트볼에 스파게티면을 더해 빠르고 쉽게 만드는 파스타 레시피예요. 이탈리안 레스토랑 부럽지 않은 미트볼 파스타가 뚝딱 완성! 꾸덕한 크림 파스타를 원한다면 토마토미트볼 대신 오즈키친 할라피뇨 크림미트볼을 사용하면 된답니다.','디저트','돼지고기','기타',1,'입문','2022_0602_112924_899.jpg','2022_0530_115424_443.jpg,no image,no image,no image',1,1,5,18,'브런치,파스타면,스파게티','2022-05-30 02:54:24'),(29,'tester','토마토 미트볼그라탕','잘 녹은 치즈가 쭉쭉 늘어나는 초간단 오븐그라탕 레시피예요. 오븐이나 전자레인지만 있으면 뚝딱 완성! 오즈키친 토마토 미트볼에는 뉴질랜드산 쇠고기와 제주산 돼지고기로 만든 큼직한 미트볼에 상큼한 토마토 소스와 양송이가 듬뿍 들어있어요. 치즈를 추가하면 더욱 부드럽게 진한 풍미를 느낄 수 있답니다.','양식','돼지고기','기타',2,'중급','2022_0602_162846_457.jpg','2022_0530_115711_598.jpg,no image,no image,no image',0,0,0,16,'치즈듬뿍,토마토미트볼,브런치','2022-05-30 02:57:11'),(30,'tester','초콜릿피자','이색적인 디저트 피자 어떠세요? 달콤함의 대명사 초콜릿과 짭쪼름한 치즈 사각피자를 더해 단짠단짠 초콜릿피자를 만들어 보세요. 예쁘게 썬 바나나와 슬라이스 아몬드를 더해 풍성한 식감도 추가하면, 손쉽게 특별한 피자가 완성된답니다. 어린이 간식으로도 브런치 메뉴로도 손색이 없답니다. 한 가지 더! 토마토소스 베이스의 피자보다는 고르곤졸라 피자가 더 잘 어울려요!','디저트','밀가루','기타',2,'초급','2022_0530_120511_170.jpg','2022_0530_120511_172.jpg,2022_0530_120511_173.jpg,2022_0530_120511_174.jpg,no image',0,0,0,3,'브런치,간식,단짠단짠,바나나,초콜릿','2022-05-30 03:05:11'),(31,'tester','열라떡볶이','냉동실에 남은 떡국 떡도 다시 보기! 열라면으로 쉽고 맛있게 완성하는 매콤칼칼한 라볶이 레시피예요. 특히 명절에 느끼한 음식이 지겨워지면 생각나는 맛! 화끈한 매콤함에 자꾸자꾸 끌린답니다','면','기타','끓임',2,'초급','2022_0530_120742_496.jpg','2022_0530_120742_497.jpg,2022_0530_120742_498.jpg,no image,no image',0,0,0,3,'간식,얼큰칼칼,야식,분식집,라볶이,라면맛집','2022-05-30 03:07:42'),(32,'tester','분식집 라면','왜 집에서 끓이는 라면은 분식집에서 사 먹는 것과 다른지 항상 궁금하지 않으셨나요? 대파기름에 고춧가루를 볶는게 핵심 포인트! 당근, 버섯 등 다양한 건더기를 추가해도 좋지만, 가끔은 계란만 넣은 심플한 분식집 라면이 땡길 때가 있답니다. 보글보글 꼬들꼬들 맛 좋은 분식집 라면 레시피, 꼭 저장해두세요!','국물','밀가루','끓임',2,'초급','2022_0530_121031_168.jpg','2022_0530_121031_169.jpg,2022_0530_121031_170.jpg,no image,no image',0,0,0,0,'분식집,야식,얼큰캌칼,라면맛집','2022-05-30 03:10:31'),(33,'tester','버섯크림리조또',' 양송이크림 파우치스프는 양송이 버섯과 크림이 듬뿍 들어간 부드럽고 진한 맛이 일품이예요. 여러가지 스프 중에서도 꾸준한 사랑을 받고 있는 베스트 오브 베스트 인기 제품! 개봉하여 스프로 데워 먹어도 맛있지만 오뚜기밥을 넣고 끓여서 리조또로 만들어 먹어도 최고랍니다! 약간의 버섯과 양파까지 더해주면 여느 레스토랑 부럽지 않아요.','국물','닭고기','끓임',2,'초급','2022_0530_121340_748.jpg','2022_0530_121340_749.jpg,2022_0530_121340_751.jpg,no image,no image',0,0,0,42,'리조또,양송이,고소한크림,부드러운,브런치','2022-05-30 03:13:41'),(34,'tester','돈코츠오라면','돼지뼈로 우린 진한 육수에 큼직한 수육이 들어 있는 부산식 돼지국밥 곰탕 제품으로 라면을 끓이면 집에서도 손쉽게 돈코츠 라면이 완성! 담백한 오라면과 돼지국밥의 환상적인 조합으로 구수하고 진한 맛이 일품이에요.','면','닭고기','기타',2,'중급','2022_0530_121655_617.jpg','2022_0530_121655_619.jpg,2022_0530_121655_619.jpg,no image,no image',0,0,0,10,'야식,캠핑,라면맛집,한그릇','2022-05-30 03:16:55'),(35,'tester','바베큐 꼬치구이','캠핑에 분위기를 더해주는 바베큐 꼬치구이! 복잡하지 않은 초간단 메뉴로 집에서 홈캠핑 요리로도 즐기기 좋답니다. 바베큐 소스는 매운맛 또는 순한맛 중 골라서 사용해보세요.','양식','돼지고기','구이',1,'초급','2022_0530_122427_406.jpg','2022_0530_122427_406.jpg,2022_0530_122427_408.jpg,no image,no image',0,1,4,4,'캠핑,바베큐,꼬치,가을,바비큐','2022-05-30 03:24:27'),(36,'tester','칼비빔면','매콤새콤한 맛을 한껏 살린 칼비빔면! 오뚜기 파채양념은 양조식초와 매실엑기스를 넣어 새콤달콤함이 가득해 칼비빔면 양념으로 간편하게 활용할 수 있어요. 무더운 여름철, 시원하고 씹는 맛이 살아있는 면요리가 끌린다면 적극 추천!','면','밀가루','비빔',1,'초급','2022_0530_122700_222.jpg','2022_0530_122700_223.jpg,2022_0530_122700_224.jpg,no image,no image',0,0,0,2,'칼비빔면,파채양념,여름,여름별미,시원한','2022-05-30 03:27:00'),(37,'tester','마라 삼계탕','마라 삼계탕 !!','밥/죽','닭고기','찜',2,'중급','2022_0530_123028_072.jpg','2022_0530_123028_073.jpg,2022_0530_123028_074.jpg,no image,no image',1,1,5,19,'얼큰칼칼,야식,캠핑,보양식,집밥','2022-05-30 03:30:28'),(38,'tester','카레 닭볶음탕','카레 닭볶음탕 한번 드셔보시죠~','양식','닭고기','끓임',2,'중급','2022_0530_123548_375.jpg','2022_0530_123548_376.jpg,2022_0530_123548_377.jpg,no image,no image',0,0,0,9,'닭고기,카레,닭볶음탕,야채,야식,탕','2022-05-30 03:35:48'),(39,'tester','얼큰홍합탕','정말 간단하지만 분위기를 살려주는 메뉴들이 있지요. 홍합탕이 바로 그런 요리 같아요. 큰 냄비에 끓여낸 홍합탕만 준비하면, 안주로도 해장으로도 완벽한 별미가 되지요. 오늘밥상 얼큰비법 매운탕양념 하나면, 복잡하게 양념장을 준비할 필요 없이 정말 맛깔난 홍합탕이 완성된답니다!','양식','기타','찜',1,'중급','2022_0530_124006_545.jpg','2022_0530_124006_546.jpg,2022_0530_124006_547.jpg,no image,no image',1,0,0,5,'안주,홍합,따끈한국물,캠핑,얼큰칼칼','2022-05-30 03:40:06'),(40,'tester','순두부쫄면','매콤한 순두부찌개에 쫄면이 엄청 잘 어울린다는 것, 아시나요? 각종 재료를 넣고 보글보글 끓이다가 쫄면 사리를 넣고 순두부를 큼직하게 부수어 넣으면 든든한 한 끼가 완성됩니다. 또 하나의 응용 팁은 치즈! 슬라이스 치즈 반 장을 살짝 넣어 보세요. 쫄면 사리와 무척이나 잘 어울린답니다!','국물','기타','끓임',2,'중급','2022_0530_124444_654.jpg','2022_0530_124444_655.jpg,2022_0530_124444_656.jpg,no image,no image',4,0,0,6,'찌개,순두부,따끈한국물','2022-05-30 03:44:45'),(41,'tester','차돌된장덮밥','오늘밥상 차돌된장찌개양념으로 찌개만 만들 수 있다는 생각은 금물! 정말 맛있는 덮밥으로 다양하게 응용할 수 있는 간단한 레시피에요. 두부를 넣으면 두부된장덮밥, 가지를 넣으면 가지된장덮밥, 냉이를 넣으면 냉이된장덮밥 등으로 만들 수 있답니다.','밥/죽','소고기','볶음',2,'중급','2022_0530_124746_974.jpg','2022_0530_124746_975.jpg,2022_0530_124746_976.jpg,no image,no image',0,0,0,4,'오늘밥상,차돌박이,덮밥요리,버섯,된장','2022-05-30 03:47:47'),(42,'tester','해물스튜','스파게티 소스로는 정말 많은 요리를 할 수 있어요. 이번에는 와인과 찰떡궁합 메뉴인 해물 스튜 레시피를 소개해 볼게요. 오뚜기 프레스코 스파게티 소스만 있다면 별다른 양념을 추가하지 않아도 맛있는 스튜의 맛을 낼 수 있답니다. 기호에 따라 여러 가지 해물이나 고기를 넣어서 다양하게 응용해볼 수도 있어요.','양식','해물','끓임',2,'초급','2022_0530_125020_209.jpg','2022_0530_125020_210.jpg,2022_0530_125020_211.jpg,no image,no image',0,0,0,2,'따끈한국물,브런치,캠핑,스튜,파스타소스','2022-05-30 03:50:20'),(43,'tester','차돌박이 된장찌개','고깃집에서 먹는 된장찌개맛을 그대로 재현할 수 있는 마법의 레시피랍니다. 건조된 즉석된장국을 사용하기 때문에, 캠핑요리로 제격이에요. 건더기는 기호에 따라 추가해주어도 좋아요. 조금 더 매콤한 맛을 원한다면 청양고추를 더해주세요.','국물','소고기','끓임',2,'중급','2022_0530_125259_225.jpg','2022_0530_125259_226.jpg,2022_0530_125259_227.jpg,no image,no image',0,0,0,2,'즉석국,캠핑,집밥,얼큰칼칼,따끈한국물','2022-05-30 03:52:59'),(44,'tester','주꾸미삼겹살볶음','소위 말하는 \'쭈삼\' 레시피! 오뚜기 비빔장을 활용해 양념장을 만드는 번거로움은 줄이고, 청양고추를 넣어 칼칼한 매콤함이 일품이에요. 봄이 제출인 주꾸미는 피로회복에 좋기로 유명한 타우린이 풍부하게 들어있지요. 특히 돼지고기와 궁합이 좋답니다.','밥/죽','해물','끓임',2,'중급','2022_0530_140920_966.jpg','2022_0530_140920_967.jpg,2022_0530_140920_968.jpg,no image,no image',0,0,0,0,'비빔장,만능소스,쭈꾸미,삼겹살,깻잎,소주안주','2022-05-30 05:09:21'),(45,'tester','블루베리소스 목살스테이크','스테이크에 곁들인 블루베리소스는 버터와 생크림의 고소함과 쨈의 달콤함이 정말 조화로워요. 스테이크 소스 외에도, 여러가지 고기 양념에 블루베리쨈을 조금씩 넣어보세요. 블루베리쨈이 양념의 감칠맛을 더해주면서 고기의 잡내를 없애는 역할도 한답니다.','양식','돼지고기','구이',2,'중급','2022_0530_141327_928.jpg','2022_0530_141327_929.jpg,2022_0530_141327_930.jpg,no image,no image',0,0,0,15,'돼지고기,스테이크,블루베리쩀,기념일,파티,크리스마스','2022-05-30 05:13:28'),(46,'tester','바지락찜','탱글하고 쫄깃한 바지락찜! 청양고추와 마늘을 넣어 칼칼한 맛이 안주로 제격이에요. 올리브유대신 버터를 사용하면 버터 특유의 고소함을 즐길 수도 있지요. 바지락을 해감할 때는 검은 봉지에 넣거나 쿠킹호일로 그릇을 감싸 어둡게 만드는 게 좋아요. 조개가 입을 금방 벌려 해감 속도가 빨라지거든요.','국물','해물','삶음',2,'중급','2022_0530_141631_649.jpg','2022_0530_141631_650.jpg,2022_0530_141631_650.jpg,no image,no image',0,0,0,1,'안주,해물찜,얼큰칼칼,미향,마늘의민족,스피드요리','2022-05-30 05:16:31'),(47,'tester','미역국 파스타','특별한 파스타를 즐기고 싶다면? 특별한 생일상을 만들고 싶다면? 미역국파스타를 추천합니다! 미역과 참치의 감칠맛이 파스타와 어우러져 의외의 조합을 이룬답니다. 고소하고 짭짤해서 계속 끌리는 묘한 맛, 미역국의 대변신!','국물','해물','볶음',2,'초급','2022_0530_141918_863.jpg','no image,no image,no image,no image',0,0,0,1,'생일밥상,스팔게티,미역국,마일드참치','2022-05-30 05:19:19'),(48,'tester','맥앤치즈','미국사람들의 소울푸드라는 맥앤치즈! 마카로니를 치즈에 버무려 짭짤하고 고소한 맛이 간식으로도 안주로도 완벽하답니다. 생크림을 넣어 더 부드럽고 고소하면서도, 할라피뇨를 다져 넣어 느끼함을 잡은 레시피예요.','기타','기타','기타',2,'초급','2022_0530_142140_248.jpg','2022_0530_142140_249.jpg,no image,no image,no image',0,0,0,0,'치즈듬뿍,모짜렐라,고소한크림,안주,마카로니','2022-05-30 05:21:40'),(49,'tester','까르보나라 떡볶이','생크림 없이 맛있는 까르보나라 떡볶이를 만들 수 있을까요? 오뚜기 크림스프 분말이 있다면 가능해요! 활용 방법이 무궁무진한 스프로 꾸덕꾸덕한 까르보나라를 손쉽게 만들어 보세요. 떡볶이떡 대신 스파게티를 삶아 넣으면 까르보나라 파스타가 된답니다.','양식','계란/유제품','볶음',2,'초급','2022_0530_142354_278.jpg','2022_0530_142354_279.jpg,no image,no image,no image',0,0,0,4,'크림,왕초보,떡볶이,분식집,캠핑','2022-05-30 05:23:54'),(50,'tester','골뱅이야채초무침','캔 골뱅이와 냉장고에 있는 야채로 간단하게 만들 수 있는 매콤새콤한 골뱅이야채초무침 레시피예요. 밥 반찬으로도 좋지만, 소면을 삶아 넣어 만든 골뱅이소면은 한그릇 식사로도 정말 별미랍니다. 취향에 맞게 청양고추를 조금 썰어넣으면 매콤하면서도 중독성 있는 맛으로 즐기실 수 있어요.','디저트','기타','무침',2,'초급','2022_0530_142622_855.jpg','2022_0530_142622_856.jpg,2022_0530_142622_856.jpg,no image,no image',0,0,0,4,'안주,오이,한식,옛날국수,초고추장','2022-05-30 05:26:23'),(51,'tester','고등어김치찜','고등어하면 비린 맛이 가장 먼저 떠오르는 분들은 이 레시피를 주목해주세요. 집에 있는 묵은지와 고등어로 만드는 간단한 김치찜! 캔통조림 고등어를 사용해서 번거로운 손질 과정이 필요 없어요. 묵은지와 청양고추로 매콤칼칼하게 맛내고, 된장과 미향으로 비린맛을 싹 잡았어요.','반찬','기타','기타',2,'중급','2022_0602_112544_927.jpg','2022_0530_142935_294.jpg,no image,no image,no image',0,0,0,16,'한식,들기름,얼큰칼칼,반찬,김치,밥도둑','2022-05-30 05:29:35'),(52,'tester','매콤오리 단호박찜','오리고기에는 주로 머스타드소스를 곁들이곤 하지만, 이번엔 색다르게 타바스코소스를 넣어 매콤한 감칠맛을 냈어요. 너무 맵지 않고 은은한 핫소스의 풍미가 매력적이에요. 고소한 오뚜기 치즈까지 듬뿍 넣으면 파티나 손님 초대요리로도 손색이 없답니다.','양식','육류','찜',2,'초급','2022_0530_143140_385.jpg','2022_0530_143140_386.jpg,2022_0530_143140_386.jpg,no image,no image',0,0,0,0,'오리요리,퓨전요리,집들이음식','2022-05-30 05:31:40'),(54,'tester','매쉬드 포테이토','간단하지만 고급진 감자요리 매쉬드 포테이토를 맛있게 만들 수 있는 방법! 부드러운 식감 덕분에 삶은 감자를 그대로 먹는 것과는 전혀 다른 느낌이에요. 꼼꼼하게 으깬 감자에 치즈로 짭짤함을 더하고, 야채스프의 크리미한 맛을 더해 마무리해주면 레스토랑 부럽지 않은 매쉬드 포테이토가 완성된답니다.','디저트','기타','기타',2,'초급','2022_0530_144156_348.jpg','2022_0530_144156_350.jpg,no image,no image,no image',0,0,0,3,'야채스프,스프맛집,라망,치즈듬뿍,셰프의팁','2022-05-30 05:41:56'),(55,'tester','오이무침','입맛을 돋우는 매콤새콤한 오이무침 만들기! 부드러운 새콤한 맛이 특징인 다시마식초가 요리의 감칠맛을 더해주어 맛있는 우리집 반찬을 완성해준답니다.','반찬','기타','무침',3,'초급','2022_0530_150406_018.jpg','2022_0530_150406_019.jpg,2022_0530_150406_020.jpg,no image,no image',0,0,0,3,'다시마식초,감칠맛,집밥,반찬,오이무침','2022-05-30 06:04:06'),(56,'tester','케일장아찌','깻잎장아찌 대신 새로운 장아찌에 도전해보고 싶으신 분들 주목! 부드러운 잎과 아삭한 식감의 줄기를 함께 가진 케일로 장아찌 만들기 어떠세요? 케일의 연하고 넓은 잎에 갓 구운 고기를 싸먹으면 느끼함이 사라집니다.','반찬','기타','무침',2,'중급','2022_0530_150620_125.jpg','2022_0530_150620_126.jpg,no image,no image,no image',0,0,0,0,'간편장아찌쏘스,케일,반찬,밑반찬','2022-05-30 06:06:20'),(57,'tester','게살계란찜','초간단 계란찜 만들기! 미향 발효맛술이 계란의 비릿함을 잡아주고 요리의 감칠맛을 더해주어 따뜻하고 맛있는 집밥을 완성해준답니다.','디저트','계란/유제품','조림',2,'중급','2022_0530_151055_944.jpg','2022_0530_151055_945.jpg,no image,no image,no image',1,0,0,3,'계란찜,발효맛술,미향,집밥,게살','2022-05-30 06:10:56'),(58,'tester','고등어 무조림','쌀쌀해지는 계절, 집밥이 생각날 땐 고등어무조림을 만들어보세요. 미향 발효맛술이 생선의 비린내를 잡아주면서 요리의 감칠맛을 더해주어 따뜻하고 맛있는 집밥을 완성해준답니다.','반찬','해물','조림',2,'중급','2022_0530_151320_135.jpg','2022_0530_151320_136.jpg,no image,no image,no image',0,0,0,5,'생선요리,비법양념,저녁메뉴','2022-05-30 06:13:20'),(59,'tester','반숙 달걀 장조림','간단하게 숙성하여 먹는 반숙달걀 장조림! 부드럽고 고소한 노른자를 밥에 비벼 먹으면 고소한 풍미가 최고에요. 면 요리의 사이드 메뉴나 짭조롬한 간식으로도 즐겨보세요.','기타','계란/유제품','조림',2,'중급','2022_0530_151651_272.jpg','2022_0530_151651_273.jpg,no image,no image,no image',1,2,10,21,'달걀,계란,반숙','2022-05-30 06:16:51'),(60,'tester','얼갈이 된장무침','보리밥이 생각나는 국민반찬 얼갈이배추 된장무침입니다. 구수한 맛에 누구나 즐길 수 있는 밑반찬이기도 하죠. 복잡한 계량 없이 오뚜기 된장무침양념으로 간단하게 무침반찬을 완성해보세요.','기타','기타','무침',2,'초급','2022_0530_151939_524.jpg','no image,no image,no image,no image',0,0,0,13,'얼갈이된장무침,양념,된장무침양념','2022-05-30 06:19:39'),(61,'tester','드라이카레','드라이카레 한번 맛 보시죠~','밥/죽','기타','비빔',2,'초급','2022_0602_112942_188.jpg','2022_0530_152217_278.jpg,2022_0530_152217_280.jpg,2022_0530_152217_280.jpg,no image',0,0,0,17,'집밥,밑반찬,카레,이금기','2022-05-30 06:22:17'),(62,'tester','가츠동','은은한 생강 풍미의 가츠동 레시피예요. 미향 발효 맛술은 잡내 제거에 탁월한 주원료(국산 생강/녹차)를 직접 발효 및 숙성하는 과정을 거쳐 잡내 제거 효과는 높이고, 다시마 식초와 배를 사용하여 맛의 5가지 기본 구성인 감칠맛과 향미를 최대한 끌어올린 제품입니다. 가츠동뿐만 아니라 육류 요리, 생선요리에 사용해보세요!\r\n\r\n만드는 방법','일식','돼지고기','튀김',2,'초급','2022_0530_152506_123.jpg','2022_0530_152506_125.jpg,2022_0530_152506_125.jpg,no image,no image',0,0,0,0,'미향,가츠동,돈까스덮밥,저녁','2022-05-30 06:25:06'),(63,'tester','야끼우동','오늘밥상 차슈요리양념으로 만드는 다양한 간편 응용 레시피 시리즈! 이자카야 스타일의 야끼우동으로 오늘의 홈술 안주 완성~ 가쓰오부시와 은은한 생강향이 해물과 어우러져 더 입맛을 자극하는 맛이에요','일식','기타','기타',2,'초급','2022_0530_152725_269.jpg','no image,no image,no image,no image',0,0,0,1,'집밥,홈술,안주,이자카야','2022-05-30 06:27:25'),(64,'tester','대패삼겹 숙주볶음','오늘밥상 차슈요리양념으로 만드는 다양한 간편 응용 레시피 시리즈! 이자카야 스타일 숙주볶음으로 오늘의 홈술 안주 완성 기호에 따라 대패삼겹 대신 차돌박이나 해물 등으로 응용해보세요.','일식','기타','기타',2,'초급','2022_0530_152934_233.jpg','no image,no image,no image,no image',0,0,0,2,'집밥,홈술,안주,이자카야','2022-05-30 06:29:34'),(65,'tester','콥샐러드','콥샐러드 세계로 오세요~','디저트','기타','기타',2,'중급','2022_0530_153327_463.jpg','2022_0530_153327_464.jpg,2022_0530_153327_464.jpg,no image,no image',0,0,0,2,'스위트콘,참치,아보카도,샐러드,브런치','2022-05-30 06:33:27'),(66,'tester','치킨 카레 마늘 볶음밥','치킨 카레 마늘 볶음밥\r\n맛 보세요~','밥/죽','닭고기','조림',2,'초급','2022_0530_155037_663.jpg','2022_0530_155037_664.jpg,2022_0530_155037_665.jpg,no image,no image',0,0,0,8,'','2022-05-30 06:50:37'),(67,'tester','데리야끼 가지볶음','데리야끼 가지볶음\r\n','반찬','기타','기타',1,'초급','2022_0530_155308_462.jpg','2022_0530_155308_463.jpg,no image,no image,no image',0,0,0,3,'가지볶음,집밥,만능소스,밑반찬','2022-05-30 06:53:08'),(68,'tester','두부카레','어릴적부터 냉장고 문을 열면 두부 반 모 정도는 항상 있던 것 같아요. 그만큼 친숙한 식재료이지요. 평소 먹던 두부 요리와 조금 색다른 요리를 소개해 드리니, 남는 두부를 활용해 한 번 만들어 보세요! 두부를 한입 크기로 썰어서 카레와 두반장을 넣고 끓여 밥과 함께 내놓으면 동네방네 자랑하고 싶은 중화풍 카레덮밥이 완성된답니다.','밥/죽','닭고기','기타',1,'초급','2022_0530_155518_839.jpg','no image,no image,no image,no image',0,0,0,13,'두부카레,카레맛집,카레,집밥,이금기','2022-05-30 06:55:19'),(69,'tester','견과류 밀크카레라이스','누구에게나 자신있는 요리 하나쯤은 있기 마련이지요. 우리에게 카레가 그런 요리가 될 수 있지 않을까요? 카레를 만들 때 우유와 견과류를 더해보세요. 카레 전문점 부럽지 않은 색다른 한 끼를 완성할 수 있답니다. 소시지, 버섯, 브로콜리는 취향에 따라 다양한 재료로 바꾸어도 좋아요!','밥/죽','기타','기타',1,'중급','2022_0530_155747_118.jpg','2022_0530_155747_119.jpg,no image,no image,no image',0,0,0,7,'견과류카레,카레맛집,브런치,집밥,카레','2022-05-30 06:57:47'),(70,'tester','얼큰수제비','손으로 뚝뚝 뜯어낸 쫄깃한 수제비에 따끈한 국물. 마음까지 위로해주는 따뜻한 음식인 것 같아요. 쌀쌀한 날씨는 물론이고 기온차가 심한 환절기에도, 땀을 내고 싶은 한여름까지 참 잘 어울리지요. 얼큰비법 매운탕양념으로 만든 얼큰수제비라면 그 역할을 더 잘 해줄 겁니다.','국물','밀가루','기타',1,'중급','2022_0530_160146_108.jpg','2022_0530_160146_109.jpg,no image,no image,no image',6,0,0,29,'집밥,오늘밥상,매운탕양념','2022-05-30 07:01:46'),(71,'tester','마파가지덮밥','오뚜기 정통 사천식 마파두부양념 하나로 중식 셰프처럼 맛있는 마파두부 요리를 만들 수 있어요. 가지와 두부에 양념을 넣고 살짝 끓이면 우리 동네 중국집보다 더 맛있는 덮밥요리 탄생! 기호에 따라 오뚜기 라조장 산초를 추가해 보세요. 중독성 있는 얼얼한 매콤함에 숟가락을 멈출 수 없을 거예요.','밥/죽','기타','기타',1,'초급','2022_0530_160708_373.jpg','2022_0530_160708_374.jpg,2022_0530_160708_375.jpg,no image,no image',0,0,0,3,'두부,가지,덮밥요리,얼큰칼칼','2022-05-30 07:07:08'),(79,'tester','카레 토마토솥밥','간단하지만 제대로 된 한끼를 챙기고 싶을 때 솥밥을 추천드립니다. 일반 냄비로도 충분히 맛있는 솥밥을 완성할 수 있어요! 노란색 카레와 빨간색 토마토 그리고 각종 채소가 어우러져 보는 맛도 제대로랍니다. 올리브 오일도 꼭 챙겨주세요 강력 추천 조합입니다!','양식','채소류/버섯','끓임',2,'초급','2022_0602_142112_227.jpg','2022_0602_142112_229.jpg,2022_0602_142112_231.jpg,no image,no image',0,0,0,11,'토마토,솥밥,카레','2022-06-02 05:21:11'),(80,'tester','떡만둣국','멸치장국 베이스로 국물이 맑은 타입의 떡만둣국이에요. 만두피가 얇은 굴림만두로 끓이면, 만두소에 있는 고기와 채소의 감칠맛이 국물로 우러나와 더욱 맛있답니다.','','돼지고기','끓임',2,'초급','2022_0602_142509_561.jpg','2022_0602_142509_562.jpg,2022_0602_142509_563.jpg,no image,no image',0,0,0,5,'따끝한국물,설날,떡국떡,한그릇,한식','2022-06-02 05:25:09'),(81,'tester','카레 샥슈카','샥슈카, 또는 에그인헬 이라 불리는 이 요리는 튀니지에서 유래했어요. 지옥불에 빠진 달걀이라는 별명이 특이하지요? 요즘에는 카페나 레스토랑에서도 쉽게 만나볼 수 있는 메뉴지만, 카레를 더해 조금 색다르게 만드는 레시피를 소개할게요. 빵과 곁들이면 근사한 브런치가 된답니다. 물론, 와인이나 맥주 안주로도 제격이에요.','양식','육류','끓임',1,'초급','2022_0602_142932_712.jpg','2022_0602_142932_714.jpg,no image,no image,no image',0,0,0,3,'3일숙성카레,계란요리,맥주안주,브런치,치즈듬뿍','2022-06-02 05:29:32'),(82,'tester','오트밀토마토리조또','토마토케챂 대비 토마토 함량은 그대로 당분과 염분은 반으로 줄인 하프케챂으로 칼로리는 가볍고 건강까지 생각한 오트밀 토마토 리조또를 즐겨보세요.','밥/죽','계란/유제품','끓임',1,'초급','2022_0602_143329_055.jpg','2022_0602_143329_056.jpg,no image,no image,no image',0,0,0,3,'다이어트,닭가슴살,브런치,오트밀,칼로리,케챂','2022-06-02 05:33:28'),(83,'test','카레 김밥','카레 김밥을 즐겨보세요~','밥/죽','계란/유제품','삶음',4,'중급','2022_0603_102357_492.jpg','2022_0603_102357_493.jpg,2022_0603_102357_494.jpg,no image,no image',0,0,0,2,'김밥,카레,참치김밥,마요네즈,나들이,도시','2022-06-03 01:23:56'),(84,'test','크림 카레 우동','크림 카레 우동 즐겨 보세요~','면','채소류/버섯','볶음',3,'중급','2022_0603_102620_433.jpg','2022_0603_102620_435.jpg,no image,no image,no image',0,0,0,1,'백세카레,우동,생크림,3분카레,분식집,야식','2022-06-03 01:26:19'),(85,'test','카레 치킨 가라아게','카레 치킨 가라아게\r\n즐겨 보세요~~','양념/소스','닭고기','튀김',4,'중급','2022_0603_102845_417.jpg','2022_0603_102845_419.jpg,2022_0603_102845_419.jpg,2022_0603_102845_422.jpg,no image',0,0,0,1,'닭고기,카레,가라아게,허니머스타드,야식,튀김','2022-06-03 01:28:44'),(86,'test','카레 콘 카르네','카레 콘 카르네\r\n','디저트','','비빔',1,'중급','2022_0603_103108_765.jpg','2022_0603_103108_766.jpg,2022_0603_103108_767.jpg,2022_0603_103108_768.jpg,2022_0603_103108_768.jpg',0,0,0,2,'칠리콘카르네,브런치,안주,야식,토마토','2022-06-03 01:31:07'),(87,'test','커리 부어스트','커리부어스트는 독일 요리 중 하나로, 구운 소시지 위에 케챂과 카레파우더를 뿌려먹는 음식에요. 우리나라의 떡볶이처럼 독일국민 모두가 즐기는 소울푸드랍니다. 이 레시피는 독일식 정통 스타일이기보다는 한국인의 입맛에 맞게 변형한 레시피예요. 짭짤한 소시지와 부드러운 카레가 잘 어울려요. 바게트나 감자튀김을 곁들여도 좋지요. 커리부어스트에 시원한 맥주 한 잔 마시며 하루를 마무리 해보시는 건 어떨까요?','양식','돼지고기','조림',3,'중급','2022_0603_103323_597.jpg','2022_0603_103323_599.jpg,no image,no image,no image',0,0,0,1,'소세지,카레,카레케챂,카레맛집,커리부어스트','2022-06-03 01:33:22'),(88,'test','노오븐 카레 라자냐','오븐이 없어도 맛있게 만들 수 있는 카레 라자냐 레시피! 전자레인지로 간편하게 만들 수 있어서 오븐이 없는 분들도 쉽게 도전해볼 수 있답니다. 기존 라자냐에 카레를 더해 더욱 색다르고 중독성 있어요. 너무 맛있어서 과식하지 않도록 조심하세요! 고기와 소스 따로 준비하는 것이 번거롭다면, 오뚜기 미트스파게티소스를 사용하면 더 간편하게 만들 수도 있답니다.','디저트','육류','볶음',3,'숙련자','2022_0603_103543_122.jpg','2022_0603_103543_124.jpg,2022_0603_103543_124.jpg,2022_0603_103543_126.jpg,2022_0603_103543_126.jpg',0,0,0,1,'라자냐,셰프의선택,오늘음식,디저트,양식','2022-06-03 01:35:42'),(89,'test','치킨 카레 타코','카레와 멕시코 음식은 참 잘 어울려요. 카레가루와 함께 볶아낸 닭고기를 구운 또띠아에 싸 드셔보시면 느끼실 거에요. 물론 멕시코 현지 음식도 참 맛있지만, 너무 멀어서 지금 당장 갈 수 없는 분들의 아쉬움을 달래드리기에 딱 좋은 메뉴랍니다. 여기에 타바스코 핫소스를 더 뿌리고 고수를 듬뿍 올리면, 진짜 멕시코에 있는 기분이 드실거에요!','기타','밀가루','데치기',0,'','2022_0603_103828_068.jpg','2022_0603_103828_069.jpg,2022_0603_103828_070.jpg,no image,no image',0,0,0,1,'멕시코,밀또띠아,닭가슴살,아보카도,맥주안주,카레맛집','2022-06-03 01:38:27'),(90,'test','카레토스트','첫 맛은 촉촉, 뒷 맛은 매콤! 진한 카레맛이 계속 끌리는 10분컷 카레토스트 레시피예요.','디저트','계란/유제품','끓임',3,'중급','2022_0603_104046_837.jpg','2022_0603_104046_839.jpg,2022_0603_104046_840.jpg,2022_0603_104046_841.jpg,no image',0,0,0,1,'토스트,오늘의음식,치즈,치즈좋아,야식','2022-06-03 01:40:46'),(91,'test','카레 대하파스타','색깔부터 특별하게 즐기는 노란 카레 파스타! 버터로 볶아 고소한 양파에 꿀과 사과가 들어간 프리미엄 바몬드카레로 풍미를 더했어요. 아스파라거스와 대하로 식감과 영양까지 모두 잡은 레시피랍니다.','양식','닭고기','조림',3,'숙련자','2022_0603_104254_778.jpg','2022_0603_104254_780.jpg,2022_0603_104254_780.jpg,no image,no image',0,0,0,1,'파스타,펜네,셰프의선택,야식,점심','2022-06-03 01:42:53'),(92,'test','라따뚜이 카레파스타','원래 라따뚜이(ratatouille)는 가지, 호박, 피망, 토마토 등에 허브와 올리브 오일을 넣고 뭉근히 끓여 만든 채소 스튜를 말해요. 라따뚜이를 응용해서 카레를 만들어보니 맛이 정말 좋아서 강력히 추천하는 레시피입니다. 오뚜기밥을 곁들여 카레라이스로 먹어도 좋지만, 이번에는 파스타를 삶아 색다르게 즐겨보세요.','면','닭고기','볶음',3,'중급','2022_0603_104447_947.jpg','2022_0603_104447_948.jpg,2022_0603_104447_948.jpg,2022_0603_104447_950.jpg,no image',0,0,0,3,'카레,파스타,채소,건강식,야식','2022-06-03 01:44:47'),(93,'test','스테이크카레','카레와 스테이크의 만남! 맛이 없을 수가 없는, 일명 \'맛없없\' 조합이에요. 오뚜기 발효강황카레는 사과농축액과 유산균으로 발효시킨 강황과 데미글라스 소스를 조화시켜 더욱 깊고 진한 카레맛이 특징이에요. 발효홍삼분말과 오메가-3를 첨가하여 더욱 건강하게 즐길 수 있는 카레랍니다.','면','소고기','볶음',2,'중급','2022_0603_104650_214.jpg','2022_0603_104650_215.jpg,2022_0603_104650_215.jpg,2022_0603_104650_217.jpg,2022_0603_104650_217.jpg',0,0,0,5,'스테이크,카레,오늘의점녁,셰프의선택,야식,소스','2022-06-03 01:46:49'),(94,'test','카레 채소 튀김','냉장고에 있는 자투리 채소를 맛있게 해결할 수 있는 채소 튀김을 소개합니다. 카레 파우더를 곁들여 맛과 향을 더욱 업그레이드하였습니다. 제철 채소를 활용하거나 명절 직후에도 좋겠지요?\r\n\r\n','디저트','채소류/버섯','튀김',3,'초급','2022_0603_110132_508.jpg','2022_0603_110132_509.jpg,no image,no image,no image',0,0,0,1,'튀김,맥주,와사비,야채','2022-06-03 02:01:31'),(95,'test','단호박시나몬그라탕','고소한 맛은 그대로! 골드마요네스 대비 지방을 반으로 줄인 1/2하프마요네스로 칼로리는 적으면서 고소하고 달콤한 단호박시나몬그라탕을 즐겨보세요.','디저트','채소류/버섯','조림',2,'중급','2022_0603_110656_836.jpg','2022_0603_110656_838.jpg,2022_0603_110656_838.jpg,no image,no image',0,0,0,1,'단호박,저녁,야식,이런음식이,대단한','2022-06-03 02:06:56'),(97,'tester','이름','소개1111','디저트','육류','조림',2,'초급','2022_0603_163856_880.jpg','2022_0603_163856_882.jpg,2022_0603_163856_883.jpg,no image,no image',1,0,0,2,'음식,떡,빵','2022-06-03 07:38:56');
/*!40000 ALTER TABLE `Recipe` ENABLE KEYS */;
UNLOCK TABLES;

--
-- Table structure for table `Recommendation`
--

DROP TABLE IF EXISTS `Recommendation`;
/*!40101 SET @saved_cs_client     = @@character_set_client */;
/*!50503 SET character_set_client = utf8mb4 */;
CREATE TABLE `Recommendation` (
  `RECIPE_IDX` smallint NOT NULL,
  `USERID` varchar(20) DEFAULT NULL,
  `typename` varchar(20) DEFAULT NULL
) ENGINE=InnoDB DEFAULT CHARSET=utf8mb3;
/*!40101 SET character_set_client = @saved_cs_client */;

--
-- Dumping data for table `Recommendation`
--

LOCK TABLES `Recommendation` WRITE;
/*!40000 ALTER TABLE `Recommendation` DISABLE KEYS */;
INSERT INTO `Recommendation` VALUES (6,'eeee','recommend'),(6,'eeee','rate'),(5,'eeee','rate'),(5,'eeee','recommend'),(35,'eeee','rate'),(28,'eeee','rate'),(28,'eeee','recommend'),(37,'eeee','rate'),(37,'eeee','recommend'),(39,'test','recommend'),(12,'eeee','rate'),(76,'test','recommend'),(76,'tester','recommend'),(57,'tester','recommend'),(5,'tester','rate'),(5,'tester','recommend'),(76,'eeee','recommend'),(5,'ffff','rate'),(16,'ffff','scrap'),(8,'ffff','scrap'),(6,'testest','scrap'),(14,'testest','scrap'),(70,'testest','recommend'),(26,'tester','recommend'),(26,'test','recommend'),(97,'','scrap'),(97,'','scrap'),(97,'tester','recommend');
/*!40000 ALTER TABLE `Recommendation` ENABLE KEYS */;
UNLOCK TABLES;

--
-- Table structure for table `Steps`
--

DROP TABLE IF EXISTS `Steps`;
/*!40101 SET @saved_cs_client     = @@character_set_client */;
/*!50503 SET character_set_client = utf8mb4 */;
CREATE TABLE `Steps` (
  `NUM` smallint NOT NULL AUTO_INCREMENT,
  `RECIPE_IDX` smallint DEFAULT NULL,
  `step` int DEFAULT NULL,
  `text` varchar(500) DEFAULT NULL,
  `photo` varchar(255) DEFAULT NULL,
  PRIMARY KEY (`NUM`),
  KEY `RECIPE_IDX` (`RECIPE_IDX`),
  CONSTRAINT `Steps_ibfk_1` FOREIGN KEY (`RECIPE_IDX`) REFERENCES `Recipe` (`RECIPE_IDX`) ON DELETE CASCADE
) ENGINE=InnoDB AUTO_INCREMENT=316 DEFAULT CHARSET=utf8mb3;
/*!40101 SET character_set_client = @saved_cs_client */;

--
-- Dumping data for table `Steps`
--

LOCK TABLES `Steps` WRITE;
/*!40000 ALTER TABLE `Steps` DISABLE KEYS */;
INSERT INTO `Steps` VALUES (26,26,1,'패티를 꺼내 먹기 좋게 자른다.','2022_0530_114749_035.jpg'),(27,26,2,'그릇에 씻은 채소를 담고, 패티와 파우치에 있는 소스를 얹어 완성한다.','2022_0530_114749_036.jpg'),(28,27,1,'계란은 소금을 넣고 풀어 후라이팬에 반 정도 익히고 밥을 산처럼 모양내어 담는다','2022_0530_115149_085.jpg'),(29,27,2,'후라이팬 뚜껑을 닫고 약불에 3분 가열해 완성한다.','2022_0530_115149_087.jpg'),(30,28,1,'스파게티면을 끓는 물에 3분간 삶고, 면수는 따로 남긴다.','2022_0530_115424_756.jpg'),(31,28,2,'토마토 미트볼에 면수 4T를 추가해 3분간 끓인다.','2022_0530_115424_768.jpg'),(32,28,3,'4에 삶은 면을 넣고 쎈불에 빠르게 볶아 그릇에 담는다.','2022_0530_115424_769.jpg'),(33,29,1,'오븐용 팬에 토마토 미트볼을 붓고 모짜렐라 치즈를 뿌린다.\r\n\r\n','2022_0530_115713_233.jpg'),(34,29,2,'180도 오븐에 15분 굽는다.','2022_0530_115713_235.jpg'),(35,30,1,'초콜릿과 바나나는 얇게 슬라이스한다.','2022_0530_120511_259.jpg'),(36,30,2,'사각피자에 초콜릿과 바나나, 슬라이스 아몬드를 올린 뒤, 오븐에서 210도로 10분간 조리한다.','2022_0530_120511_260.jpg'),(37,31,1,'떡국떡을 물에 불린다.','2022_0530_120742_873.jpg'),(38,31,2,'냄비에 물이 끓기 시작하면 만든 소스와 열라면 면, 분말스프 1/3, 떡국떡을 4분간 끓인다.','2022_0530_120742_875.jpg'),(39,31,3,'반숙란과 파채를 올리고 깨를 뿌려 완성한다.\r\n\r\n','2022_0530_120742_876.jpg'),(40,32,1,'대파를 송송 썰고, 카놀라유를 두른 냄비에 볶아 대파기름을 만든다.\r\n\r\n','2022_0530_121031_577.jpg'),(41,32,2,'대파기름에 고춧가루를 볶고, 물과 라면스프를 넣는다.\r\n\r\n','2022_0530_121031_578.jpg'),(42,32,3,'끓기 시작하면 면을 넣고 3분간 끓인다.','2022_0530_121031_580.jpg'),(43,32,4,'그릇에 계란과 국물을 부어 완성한다.','2022_0530_121031_581.jpg'),(44,33,1,'표고버섯과 양송이버섯을 편 썬다.','2022_0530_121341_482.jpg'),(45,33,2,'후라이팬에 올리브유를 두르고 양파와 버섯을 볶는다.','2022_0530_121341_483.jpg'),(46,33,3,'밥을 넣고 밥알이 흐트러지게 잘 푼다.','2022_0530_121341_484.jpg'),(47,33,4,'그릇에 담고 소금과 후추로 간을 해 완성한다.','2022_0530_121341_485.jpg'),(48,34,1,'대파는 송송 썰고 계란은 끓는물에 7분간 익혀 반숙란을 만든다.','2022_0530_121656_542.jpg'),(49,34,2,'숙주를 넣고 30초간 끓이고 그릇에 담아 대파와 반숙란을 올리고 깨를 뿌려 완성한다.','2022_0530_121656_544.jpg'),(50,34,3,'면과 계란과 숙주나물을 포함해 끓이고 마지막에 꺠로 고소함을 더한다','2022_0530_121656_545.jpg'),(51,35,1,'피망과 파프리카를 사각형으로, 대파는 한 입 크기로 썰어준다.','2022_0530_122428_520.jpg'),(52,35,2,'치즈, 목살을 썰어 준비하고 소시지는 칼집을 내어 준비한다.','2022_0530_122428_521.jpg'),(53,35,3,'준비한 재료들은 두 가지 종류의 꼬치로 예쁘게 꽂아준다.\r\n\r\nTip. 꼬치1 - 피망, 대파, 목살, 방울토마토, 파프리카\r\n\r\n꼬치2 - 치즈, 소시지','2022_0530_122428_532.jpg'),(54,35,4,'돼지고기가 완전히 익었을 때 솔을 이용하여 바베큐 소스를 골고루 발라준다.','2022_0530_122428_533.jpg'),(55,36,1,'김치는 1x1cm, 오이는 채, 상추는 큼직하게 썰어 줍니다.','2022_0530_122700_721.jpg'),(56,36,2,'끓는 물에 면을 8분간 삶은 후 찬물에 헹궈요.','2022_0530_122700_722.jpg'),(57,36,3,'칼국수 면에 파채양념과 참기름을 부어 비벼요.','2022_0530_122700_723.jpg'),(58,36,4,'양념을 비빈 칼비빔면 위에 김치, 상추, 오이, 참깨를 보기 좋게 올려 주면 완성!','2022_0530_122700_724.jpg'),(59,37,1,'청경채와 팽이버섯은 먹기 좋게 손질한다.','2022_0530_123028_750.jpg'),(60,37,2,'냄비에 오뚜기 옛날 삼계탕과 훠궈 마라탕 소스를 넣고','2022_0530_123028_751.jpg'),(61,37,3,'뚜껑을 닫아 4분간 중불에 끓인다.','2022_0530_123028_752.jpg'),(62,37,4,'청경채와 팽이버섯을 냄비에 넣어 2분간 끓이고 참깨를 뿌려 완성한다.','2022_0530_123028_764.jpg'),(63,38,1,'닭을 손질한 후 깨끗이 씻는다.','2022_0530_123548_912.jpg'),(64,38,2,'볼에 백세카레가루와 물을 넣고 뭉치지 않게 잘 풀어준 후 1.의 닭을 재워 놓는다.','2022_0530_123548_913.jpg'),(65,38,3,'감자, 당근은 먹기 좋은 크기로 썰어주고 양파는 채 썬다.','2022_0530_123548_914.jpg'),(66,38,4,'냄비에 2.의 닭과 카레 물, 3.의 야채를 넣고 익을 때까지 끓인다.\r\n\r\n(물을 조금씩 부어주며 소스의 농도를 조절한다.)\r\n\r\n','2022_0530_123548_915.jpg'),(67,39,1,'양파는 채 썰고, 청양고추, 홍고추는 송송 썬다.\r\n\r\n','2022_0530_124007_160.jpg'),(68,39,2,'홍합은 족사(수염)를 제거하고 홍합끼리 비벼 불순물을 제거한다.\r\n\r\n','2022_0530_124007_162.jpg'),(69,39,3,'냄비에 고추맛기름을 두르고 다진마늘을 볶고, 양파는 반투명해질 때까지 볶는다.','2022_0530_124007_163.jpg'),(70,39,4,'물, 청양고추, 홍고추를 넣고 홍합 입이 다 벌어질 때까지 끓여 완성한다.','2022_0530_124007_172.jpg'),(71,40,1,'양파는 채 썰고, 애호박은 반달모양으로 굵게 편 썬다.','2022_0530_124445_448.jpg'),(72,40,2,'냄비에 콩기름을 두르고 대파와 다진 마늘을 볶아 기름을 낸다.','2022_0530_124445_449.jpg'),(73,40,3,'끓기 시작하면 쫄면사리와 양파를 넣고 3분간 가열한다.\r\n\r\n','2022_0530_124445_450.jpg'),(74,40,4,'순두부를 넣어 큼직하게 부수고 한번 더 끓여 완성한다.','2022_0530_124445_451.jpg'),(75,41,1,'팽이버섯은 밑동을 제거하여 이등분하고, 양파는 채 썰고, 실파는 송송 썬다.','2022_0530_124747_259.jpg'),(76,41,2,'마늘의 고소한 향이 올라오면, 양념에 재운 차돌박이를 넣고 볶는다.\r\n\r\n','2022_0530_124747_262.jpg'),(77,41,3,'양념이 잘 어우러지면, 실파와 참깨를 더해 1분간 가열한다.','2022_0530_124747_264.jpg'),(78,41,4,'오뚜기밥을 전자레인지 조리해 그릇에 담고 볶은 재료를 담아 완성한다.','2022_0530_124747_265.jpg'),(79,42,1,'새우는 껍질을 벗기고, 오징어는 한 면에 칼집을 넣어 한입 크기로 썬다.\r\n\r\n','2022_0530_125020_452.jpg'),(80,42,2,'냄비에 올리브유를 두르고 새우, 오징어, 양파를 넣고 볶는다.\r\n\r\n','2022_0530_125020_454.jpg'),(81,42,3,'3의 후라이팬에 스파게티소스와 물을 넣는다.','2022_0530_125020_456.jpg'),(82,42,4,'중불에서 졸이다가 소금, 후추로 간을 맞춰 완성한다.','2022_0530_125020_457.jpg'),(83,43,1,'애호박은 반달모양으로 자르고 두부는 사각으로 자른다.','2022_0530_125259_589.jpg'),(84,43,2,'차돌박이를 냄비에 굽고, 즉석애호박된장국 블록 2개와 물 500ml를 넣고 조리한다.','2022_0530_125259_590.jpg'),(85,43,3,'차돌박이를 냄비에 굽고, 즉석애호박된장국 블록 2개와 물 500ml를 넣고 조리한다.','2022_0530_125259_592.jpg'),(86,43,4,'대파와 홍고추를 올려 완성한다.','2022_0530_125259_593.jpg'),(87,44,1,'손질 쭈꾸미는 깨끗이 세척한다. (밀가루와 굵은 소금을 이용하면 훨씬 깨끗하다.)','2022_0530_140921_054.jpg'),(88,44,2,'돼지고기에 비빔장을 버무려 30분간 숙성한다. (숙성은 생략 가능하다.)\r\n\r\n','2022_0530_140921_055.jpg'),(89,44,3,'\r\n깊은 후라이팬에 카놀라유를 두르고 양념된 돼지고기를 볶는다.\r\n\r\n','2022_0530_140921_056.jpg'),(90,44,4,'돼지고기가 거의 익으면 쭈꾸미와 대파, 양파를 넣고 센 불에 2분간 볶는다.','2022_0530_140921_057.jpg'),(91,45,1,'돼지고기는 두툼하게 썰어서 소금, 후추, 올리브유를 뿌려 재운다.\r\n\r\n','2022_0530_141327_999.jpg'),(92,45,2,'양파는 채 썰어서 버터를 녹인 후라이팬에 갈색이 나게 볶는다.\r\n\r\n','2022_0530_141328_000.jpg'),(93,45,3,'작은 냄비에 블루베리쨈, 레드와인, 레몬즙, 생크림을 졸여 소스를 만든다.\r\n\r\n','2022_0530_141328_001.jpg'),(94,45,4,'후라이팬을 달궈 재워둔 돼지고기를 구워 골고루 익힌다.\r\n\r\n','2022_0530_141328_002.jpg'),(95,45,5,'소스를 뿌리고 샐러드 채소로 장식해 완성한다.\r\n\r\n','2022_0530_141328_004.jpg'),(96,46,1,'바지락은 해감하고 깨끗이 세척한다.\r\n\r\n','2022_0530_141631_747.jpg'),(97,46,2,'후라이팬에 올리브유를 두르고 마늘과 청양고추를 2분간 볶는다.\r\n\r\n','2022_0530_141631_748.jpg'),(98,46,3,'바지락과 미향을 넣고 바지락이 깨지지 않게 살살 볶는다.\r\n\r\n','2022_0530_141631_748.jpg'),(99,46,4,'물을 넣고 뚜껑을 닫아 끓인다.\r\n\r\n','2022_0530_141631_749.jpg'),(100,46,5,'바지락 입이 다 열리면 소금과 실파를 넣고 살짝 끓인다.\r\n\r\n','2022_0530_141631_750.jpg'),(101,46,6,'그릇에 담아 완성한다.\r\n\r\n','2022_0530_141631_751.jpg'),(102,47,1,'스파게티 면을 끓는 물에 7분간 익히고 약간의 참기름을 섞는다.\r\n\r\n','2022_0530_141918_935.jpg'),(103,47,2,'즉석 미역국을 조리하고 건더기와 국물을 나눈다.\r\n\r\n','2022_0530_141918_936.jpg'),(104,47,3,'후라이팬에 참기름을 두르고 마늘과 참치, 미역국 건더기를 볶는다.\r\n\r\n','2022_0530_141918_939.jpg'),(105,47,4,'익힌 면과 미역국 국물 3컵을 넣어 어우러지게 볶는다.\r\n\r\n','2022_0530_141918_940.jpg'),(106,47,5,'접시에 미역국 파스타를 담고 들깨가루를 뿌려 완성한다.\r\n\r\n','2022_0530_141918_941.jpg'),(107,48,1,'끓는 물에 소금과 마카로니를 넣어 11분간 익히고, 체에 건져 물기를 뺀다. 면수는 남겨둔다.\r\n\r\n','2022_0530_142140_326.jpg'),(108,48,2,'후라이팬에 베이컨을 볶은 후 치즈, 생크림, 면수 2T을 넣고 중불에 끓인다.\r\n\r\n','2022_0530_142140_329.jpg'),(109,48,3,'소스가 끓어오르면 삶은 마카로니, 다진 할라피뇨, 스위트콘을 넣고 버무려 완성한다.\r\n\r\n','2022_0530_142140_331.jpg'),(110,48,4,'완성~','2022_0530_142140_332.jpg'),(111,49,1,'양파는 채 썰고, 마늘은 편 썬다. 베이컨은 한입 크기로 자른다.\r\n\r\n','2022_0530_142354_346.jpg'),(112,49,2,'후라이팬에 베이컨과 마늘을 볶고 양파를 볶는다.\r\n\r\n','2022_0530_142354_347.jpg'),(113,49,3,'크림스프, 우유, 물을 넣고 뭉치지 않게 잘 저어 푼다.\r\n\r\n','2022_0530_142354_347.jpg'),(114,49,4,'떡볶이떡과 브로콜리, 파마산치즈가루를 넣고 5분 가열해 완성한다.\r\n\r\n','2022_0530_142354_348.jpg'),(115,49,5,'완성','2022_0530_142354_349.jpg'),(116,50,1,'당근, 양파는 채 썰고 오이는 굵게 채 썬다.\r\n\r\n','2022_0530_142622_938.jpg'),(117,50,2,'대파는 얇게 채 썰고 찬물에 담가둔다.\r\n\r\n','2022_0530_142622_942.jpg'),(118,50,3,'골뱅이캔의 물을 버리고 골뱅이를 한입 크기로 자른다.\r\n\r\n','2022_0530_142622_943.jpg'),(119,50,4,'채 썬 야채들과 자른 골뱅이를 넣고 소스에 골고루 섞는다.\r\n\r\n','2022_0530_142622_945.jpg'),(120,50,5,'그릇에 골뱅이야채초무침을 담고 파채와 참깨를 더해 완성한다.\r\n\r\n','2022_0530_142622_946.jpg'),(121,51,1,'양파는 채 썰고, 대파와 청양고추는 어슷하게 썬다.\r\n\r\n','2022_0530_142935_371.jpg'),(122,51,2,'묵은지는 한입 크기로 자른다.\r\n\r\n','2022_0530_142935_373.jpg'),(123,51,3,'냄비에 고등어캔의 국물과 고등어를 모두 붓고 물, 미향을 넣고 끓인다.\r\n\r\n','2022_0530_142935_375.jpg'),(124,51,4,'팬에 들기름을 두르고 묵은지와 다진 마늘을 3분간 볶는다.\r\n\r\n','2022_0530_142935_377.jpg'),(125,51,5,'끓기 시작하면 3의 묵은지와 고춧가루, 설탕, 된장을 넣고 뚜껑을 덮어 10분간 끓인다.\r\n\r\n','2022_0530_142935_378.jpg'),(126,52,1,'단호박 윗면을 잘라 뚜껑을 만들어 속 안을 파내고, 전자레인지에 5분간 익힌다.\r\n\r\n','2022_0530_143140_461.jpg'),(127,52,2,'후라이팬에 오리고기, 양파, 파프리카, 굴소스, 타바스코소스를 넣고 3분간 볶는다.\r\n\r\n','2022_0530_143140_462.jpg'),(128,52,3,'볶은 재료들을 단호박 안에 넣고 스트링치즈를 찢어 올린다.\r\n\r\n','2022_0530_143140_463.jpg'),(129,52,4,'단호박 뚜껑을 닫고 전자레인지에 3분간 가열해 치즈를 녹여 완성한다.\r\n\r\n','2022_0530_143140_465.jpg'),(134,54,1,'감자는 껍질을 벗겨 삶아서 으깬다.\r\n\r\n','2022_0530_144156_428.jpg'),(135,54,2,'냄비에 오뚜기 야채스프 분말, 우유, 슬라이스치즈를 넣고 저으며 끓인다.\r\n\r\n','2022_0530_144156_429.jpg'),(136,54,3,'끓기 시작하면 중불에서 2분간 더 끓인 후 으깬 감자와 소금을 넣고 고루 섞어준 뒤 그릇에 담아 완성한다.\r\n\r\n','2022_0530_144156_430.jpg'),(137,55,1,'오이에 소금 2/3큰술을 넣어 10분간 절여줍니다.\r\n\r\n','2022_0530_150406_104.jpg'),(138,55,2,'다시마식초 1큰술, 고추장 1큰술, 고춧가루 1큰술, 설탕 2/3큰술, 양조간장 1/2큰술, 다진 마늘 1/2큰술, 통깨 적당량을 넣고 버무려 마무리해줍니다\r\n\r\n','2022_0530_150406_106.jpg'),(139,55,3,'완성','2022_0530_150406_108.jpg'),(140,56,1,'밀폐용기에 케일과 손질된 양파&청양고추를 골고루 쌓아 간편장아찌소스를 붓는다.\r\n\r\n','2022_0530_150620_192.jpg'),(141,56,2,'실온에서 반나절 보관 후 냉장 보관해 완성한다.\r\n\r\n','2022_0530_150620_193.jpg'),(142,56,3,'Tip. 냉동삼겹살, 목살, 삼겹살구이와 함께 즐겨보세요.\r\n\r\n','2022_0530_150620_193.jpg'),(143,57,1,'곱게 푼 달걀물에 찢은 게살과 발효맛술, 소금, 다진 양파, 당근, 대파를 섞는다.\r\n\r\n','2022_0530_151056_042.jpg'),(144,57,2,'전자레인지용 그릇에 담은 뒤 랩을 씌워 구멍을 뚫어준다.\r\n\r\n','2022_0530_151056_043.jpg'),(145,57,3,'전자레인지에 3분 30초간 익힌 후 가볍게 한번 저어 4분 더 익힌다.\r\n\r\n','2022_0530_151056_044.jpg'),(146,57,4,'마무리로 위에 깨를 뿌려 포슬포슬 부드러운 맛의 초간단 게살계란찜을 완성한다.\r\n\r\n','2022_0530_151056_045.jpg'),(147,57,5,'완성~','2022_0530_151056_045.jpg'),(148,58,1,'고등어는 3등분 해주세요.\r\n\r\n','2022_0530_151320_221.jpg'),(149,58,2,'냄비에 무를 넣고 그 위에 고등어 양념장을 넣고 끓여 주세요.\r\n\r\n','2022_0530_151320_223.jpg'),(150,58,3,'고등어가 거의 다 익었을 때 나머지 채소들을 넣고 한번 더 끓여 주면 완성입니다.\r\n\r\n','2022_0530_151320_225.jpg'),(151,58,4,'완성~','2022_0530_151320_227.jpg'),(152,59,1,'장아찌소스와 달걀, 양파, 통마늘을 지퍼백 또는 밀폐용기에 담는다.','2022_0530_151651_346.jpg'),(153,59,2,'냉장고에 3시간 이상 숙성하여 완성한다.\r\n\r\n','2022_0530_151651_348.jpg'),(154,59,3,'완성','2022_0530_151651_348.jpg'),(155,60,1,'얼갈이배추를 깔끔하게 손질한다.\r\n\r\n','2022_0530_151939_599.jpg'),(156,60,2,'냄비에 물을 끓여서 소금을 넣고 배추를 몸통부터 넣어 2분간 삶아준다.\r\n\r\n','2022_0530_151939_599.jpg'),(157,60,3,'바로 무쳐먹는 된장무침양념과 다진 마늘을 넣고 버무린다.\r\n\r\n','2022_0530_151939_601.jpg'),(158,60,4,'Tip. 비빔밥에 넣어주면 구수하고 맛있습니다.\r\n\r\n','2022_0530_151939_602.jpg'),(159,61,1,'후라이팬에 카놀라유를 두르고 손질해 준비한 마늘과 고추를 볶다가,\r\n\r\n','2022_0530_152217_360.jpg'),(160,61,2,'돼지고기 민스를 대파와 함께 볶은 후 미향을 넣는다.\r\n\r\n','2022_0530_152217_362.jpg'),(161,61,3,'맛있는 오뚜기밥과 드라이카레를 접시에 담고 계란 후라이를 해 올려 완성한다.\r\n\r\n','2022_0530_152217_363.jpg'),(162,62,1,'돈까스는 튀김용 기름에 노릇하게 튀겨 준 후 먹기 좋은 크기로 잘라 준다.\r\n\r\n','2022_0530_152506_211.jpg'),(163,62,2,'끓기 시작하면 계란을 넣고 거칠게 풀어 준다.\r\n\r\n','2022_0530_152506_213.jpg'),(164,62,3,'돈까스를 밥 위에 올리고 그 위에 (4)를 부어 주면 된다.\r\n\r\n','2022_0530_152506_215.jpg'),(165,62,4,'완성~','2022_0530_152506_216.jpg'),(166,63,1,'팬에 식용유를 두른 뒤 양파, 양배추를 3분간 볶다가 오징어와 새우를 넣고 3분간 볶는다.\r\n\r\n','2022_0530_152725_347.jpg'),(167,63,2,'데친 우동면, 차슈요리 양념과 숙주를 넣고 2분간 볶은 뒤 완성한다.\r\n\r\n','2022_0530_152725_349.jpg'),(168,63,3,'완성~~~~','2022_0530_152725_350.jpg'),(169,64,1,'팬에 대패삼겹살을 넣고 잘 익혀준 후 양파, 양배추를 넣는다.\r\n\r\n','2022_0530_152934_308.jpg'),(170,64,2,'차슈요리양념과 숙주를 넣고 3분간 볶은 후, 참깨를 올려 완성한다.\r\n\r\n','2022_0530_152934_311.jpg'),(171,64,3,'완성~~~~~~~','2022_0530_152934_313.jpg'),(172,65,1,'참치와 스위트콘은 체에 걸러 기름과 물기를 뺀다.\r\n\r\n','2022_0530_153327_673.jpg'),(173,65,2,'끓는 물에 계란을 10분간 익혀 삶은 달걀을 만들고 6등분 한다.\r\n\r\n','2022_0530_153327_675.jpg'),(174,65,3,'아보카도와 양상추는 2cm 크기로 자르고, 방울토마토는 4등분한다.\r\n\r\n','2022_0530_153327_677.jpg'),(175,65,4,'그릇에 손질한 재료들을 담고 코울슬로드레싱을 뿌려 완성한다.\r\n\r\n','2022_0530_153327_678.jpg'),(176,65,5,'완성~~~~~','2022_0530_153327_680.jpg'),(178,66,1,'팬에 올리브유를 두른 뒤 감자와 당근, 닭가슴살을 넣어 센 불로 겉을 노릇하게 익히다가 색이 나기 시작하면 방울토마토를 넣어 볶는다.\r\n\r\n','2022_0530_155037_765.jpg'),(179,66,2,'물을 붓고 백세카레와 끓는 소금물에 데쳐둔 그린빈을 넣어 중간불로 끓여 속까지 익힌다.\r\n\r\n','2022_0530_155037_768.jpg'),(180,66,3,'올리브유와 마늘을 넣어 향을 낸 팬에서 밥을 볶아 카레와 함께 곁들여 완성한다.\r\n\r\n','2022_0530_155037_769.jpg'),(181,66,4,'완성~~','2022_0530_155037_772.jpg'),(182,67,1,'말린 가지를 뜨거운 물에 부드러워질 때까지 불린다. (약 10분)\r\n\r\n','2022_0530_155308_568.jpg'),(183,67,2,'불린 가지와 데리야끼소스를 넣고 3분간 볶는다.\r\n\r\n','2022_0530_155308_571.jpg'),(184,67,3,'물과 대파를 넣고 뚜껑을 덮어 1분간 익힌다.\r\n\r\n','2022_0530_155308_572.jpg'),(185,67,4,'완성!~','2022_0530_155308_574.jpg'),(186,68,1,'중간 불로 달군 냄비에 현미유를 둘러 다진 채소와 돼지고기를 넣어 볶는다.\r\n\r\n','2022_0530_155518_914.jpg'),(187,68,2,'두반장을 넣어 2~3분간 볶다가 물을 부어 끓어오르면 카레가루를 넣어 끓인다.\r\n\r\n','2022_0530_155518_917.jpg'),(188,68,3,'농도가 걸쭉해지면 두부를 넣어 살짝 더 끓인다.\r\n\r\n','2022_0530_155518_918.jpg'),(189,68,4,'그릇에 밥을 담고 두부카레를 부어 완성한다.\r\n\r\n','2022_0530_155518_920.jpg'),(190,69,1,'냄비에 미니 새송이버섯, 브로콜리, 소시지, 물 200ml를 넣어 중간 불로 끓인다.\r\n\r\n','2022_0530_155747_196.jpg'),(191,69,2,'끓어오르면 우유와 카레가루를 넣어 섞는다.\r\n\r\n','2022_0530_155747_198.jpg'),(192,69,3,'오뚜기밥을 데우고 그릇에 밥과 카레를 담아 완성한다.\r\n\r\n','2022_0530_155747_199.jpg'),(193,69,4,'완성~~~','2022_0530_155747_201.jpg'),(194,70,1,'밀가루에 소금과 물 150ml를 넣고 고루 치대 반죽한다.\r\n\r\n','2022_0530_160146_198.jpg'),(195,70,2,'양파는 굵게 채 썰고, 애호박과 감자는 반달모양으로 편 썬다.\r\n\r\n','2022_0530_160146_199.jpg'),(196,70,3,'끓기 시작하면 양파와 애호박을 넣고 수제비를 얇게 떼어 넣는다.\r\n\r\n*수제비가 달라붙지 않게 중간중간 저어준다.','2022_0530_160146_200.jpg'),(197,70,4,'수제비가 익으면 홍고추, 청양고추, 대파를 넣고 2분간 끓여 완성한다.\r\n\r\n','2022_0530_160146_201.jpg'),(198,70,5,'완성~~~','2022_0530_160146_202.jpg'),(199,71,1,'후라이팬에 카놀라유를 두르고 두부와 가지를 굽는다.\r\n\r\n* 가지를 먼저 볶고 두부를 따로 구워도 좋다.','2022_0530_160708_443.jpg'),(200,71,2,'구운 가지와 두부에 마파두부양념과 물을 넣고 살짝 끓여 덮밥소스를 만든다.\r\n\r\n','2022_0530_160708_445.jpg'),(201,71,3,'그릇에 밥과 덮밥소스를 담아 완성한다.\r\n\r\n* 취향에 따라 참깨와 라조장을 곁들여도 좋다.','2022_0530_160708_448.jpg'),(202,71,4,'완성~','2022_0530_160708_448.jpg'),(231,79,1,'토마토는 열 십자로 칼집을 내주고 당근, 브로콜리, 버섯은 먹기 좋은 크기로 준비해주세요.','2022_0602_142112_371.jpg'),(232,79,2,'불린 쌀 2컵에 물 2컵을 넣고 준비해준 야채와 토마토를 올려주세요.\r\n\r\n','2022_0602_142112_373.jpg'),(233,79,3,'마지막으로 오뚜기 카레 분말을 2T를 넣어 잘 섞어주세요.\r\n\r\n','2022_0602_142112_373.jpg'),(234,79,4,'솥의 뚜껑을 닫아주고 끓으면 5분, 약불에 8분을 끓이다가 잔열에 5분간 뜸을 들여주세요.\r\n\r\nTip. 타지 않게 불 조절을 잘 해주는 것이 포인트입니다.','2022_0602_142112_375.jpg'),(235,79,5,'그릇에 덜어내고 올리브오일을 살짝 뿌리면 완성입니다.\r\n\r\nTip. 올리브오일을 곁들이면 풍미가 더욱 살고 맛있습니다.','2022_0602_142112_376.jpg'),(236,79,6,'완성','2022_0602_142112_376.jpg'),(237,80,1,'떡국떡은 씻어서 물에 담그고, 계란을 풀어 준비한다.','2022_0602_142509_724.jpg'),(238,80,2,'대파, 홍고추는 어슷 썬다.1.의 냄비에서 다시마를 건지고 다시 끓인다.2.육수가 끓으면 만두와 떡을 넣어 8분간 끓인다.','2022_0602_142509_726.jpg'),(239,80,3,'멸치장국, 다진마늘, 소금, 후추를 넣어 간한다.','2022_0602_142509_726.jpg'),(240,80,4,'계란물, 파, 홍고추를 넣어 1분간 끓이고 참기름을 둘러 완성한다.','2022_0602_142509_728.jpg'),(241,80,5,'완성','2022_0602_142509_730.jpg'),(242,81,1,'베이컨은 1cm 폭으로, 소시지는 1cm 두께로 썬다.','2022_0602_142932_846.jpg'),(243,81,2,'가지는 사방 2cm 크기로 썰고, 양송이버섯은 반으로 잘라 준비한다.','2022_0602_142932_847.jpg'),(244,81,3,'후라이팬에 올리브유를 두르고 다진 양파, 다진 마늘, 베이컨을 넣어 볶는다.','2022_0602_142932_848.jpg'),(245,81,4,'소시지와 가지를 넣고 볶다가 스파게티소스와 물 150ml, 카레를 넣고 끓인다.','2022_0602_142932_849.jpg'),(246,81,5,'팬에 치즈를 올린 후, 달걀을 넣고 뚜껑을 덮는다.','2022_0602_142932_850.jpg'),(247,81,6,'약한 불로 2~3분간 끓인 다음, 후추와 바질(또는 파슬리) 가루를 뿌려 완성한다.\r\n\r\n','2022_0602_142932_850.jpg'),(248,81,7,'완성','2022_0602_142932_851.jpg'),(249,82,1,'닭가슴살은 작게 다이스해 소금, 후추로 간한다.\r\n\r\n','2022_0602_143329_189.jpg'),(250,82,2,'양파는 작게 다이스하고 팽이버섯은 밑둥을 제거해 1cm 길이로 자른다. 방울토마토는 사등분한다.','2022_0602_143329_190.jpg'),(251,82,3,'깊은 팬에 올리브유를 두르고 다진마늘을 볶다가 양파와 닭가슴살을 더해 볶는다.\r\n\r\n','2022_0602_143329_190.jpg'),(252,82,4,'양파가 투명해지기 시작하면 1/2하프케챂과 오트밀, 물, 팽이버섯, 방울토마토를 더해 걸죽해질때까지 끓인다.','2022_0602_143329_192.jpg'),(253,82,5,'그릇에 담고 파슬리 찹을 위에 뿌려 완성한다.\r\n\r\n','2022_0602_143329_194.jpg'),(254,83,1,'참치는 기름을 빼고 게맛살, 파프리카는 김 길이에 맞추어 길게 썬다.\r\n\r\n','2022_0603_102357_558.jpg'),(255,83,2,'김발을 이용해서 동그랗게 말아준 후 먹기 좋은 크기로 썬다.\r\n\r\n','2022_0603_102357_559.jpg'),(256,83,3,'완성~','2022_0603_102357_559.jpg'),(257,84,1,'양파, 마늘은 슬라이스하고, 생크림을 휘핑한다.\r\n\r\n','2022_0603_102620_513.jpg'),(258,84,2,'팬에 기름을 두르고 양파, 마늘을 볶다가 3분 백세카레를 넣고 같이 끓인다.\r\n\r\n','2022_0603_102620_513.jpg'),(259,84,3,'오뚜기 생면을 삶아 물에 헹군 후, 그릇에 담는다.\r\n\r\n','2022_0603_102620_514.jpg'),(260,84,4,'생면 위에 카레소스를 넣고, 생크림을 올려 완성한다.\r\n\r\n','2022_0603_102620_516.jpg'),(261,85,1,'닭고기는 한 입 크기로 썬 뒤 카레, 간장, 후추와 다진 마늘을 넣고 양념해 30분간 재워둔다.\r\n\r\n','2022_0603_102845_501.jpg'),(262,85,2,'재워둔 닭고기를 튀김옷에 담갔다가 건져 170도의 식용유에 노릇하게 튀긴다.\r\n\r\n','2022_0603_102845_502.jpg'),(263,85,3,'튀긴 가라아게에 오뚜기 허니머스타드 소스를 곁들인다.\r\n\r\n','2022_0603_102845_503.jpg'),(264,85,4,'완성~','2022_0603_102845_503.jpg'),(265,86,1,'양파와 샐러리는 잘게 다지고, 토마토는 껍질을 벗겨 깍둑썰기 한다.\r\n\r\n','2022_0603_103108_852.jpg'),(266,86,2,'올리브유를 두른 후라이팬에 고기를 볶는다.\r\n\r\n','2022_0603_103108_852.jpg'),(267,86,3,'양파와 샐러리를 넣고, 껍질을 벗겨 깍둑썰기 한 토마토와 분량의 고형카레를 넣어 뭉근히 끓인다. *야채 수분만으로는 많이 뻑뻑하다면, 물을 한 큰 술씩 더해 농도를 맞춘다.','2022_0603_103108_853.jpg'),(268,86,4,'캔 강낭콩는 물기를 빼고 뜨거운 물에 한 번 헹군 후 체에 받쳐 준비한다.\r\n\r\n','2022_0603_103108_854.jpg'),(269,86,5,'고기볶은 후라이팬에 카레를 넣어 끓이다가 후추, 소금으로 간을 맞춰 마무리한다.\r\n\r\n','2022_0603_103108_855.jpg'),(270,87,1,'전자레인지 용기에 카레, 양파, 마늘, 케챂, 물을 모두 넣고 1분간 조리 후, 용기를 꺼내서 잘 섞어 1분간 추가로 조리한다. (700W 기준)','2022_0603_103323_673.jpg'),(271,87,2,'소시지는 칼집을 낸 후 끓는 물에 살짝 데쳐 준비한다.\r\n\r\n','2022_0603_103323_674.jpg'),(272,87,3,'후라이팬에 올리브유를 두르고 데친 소시지의 겉이 노릇해질 때까지 굽는다.\r\n\r\n','2022_0603_103323_675.jpg'),(273,87,4,'접시에 소시지를 담고, 1의 소스에 파슬리가루를 적당히 올려 완성한다\r\n\r\n','2022_0603_103323_676.jpg'),(274,87,5,'바게트, 감자튀김 등을 곁들여 완성한다.\r\n\r\n','2022_0603_103323_677.jpg'),(275,88,1,'카레소스: 후라이팬에 껍질 벗겨 다진 토마토와 케챂을 함께 넣고 볶다가고형카레 2조각과 물을 넣고 저어가며 끓여 소스를 만든다.\r\n\r\n','2022_0603_103543_214.jpg'),(276,88,2,'다진 소고기와 돼지고기를 섞어 소금, 후추로 간하여 준비한다.\r\n\r\n','2022_0603_103543_214.jpg'),(277,88,3,'중불로 달군 팬에 올리브유를 두르고, 양파와 마늘을 넣고 볶다가 준비해둔 소고기, 돼지고기를 넣고 볶는다.\r\n\r\n','2022_0603_103543_216.jpg'),(278,88,4,'새송이버섯은 얇게 썰어 마른 팬에 앞뒤로 노릇하게 구워 준비한다.\r\n\r\n','2022_0603_103543_217.jpg'),(279,88,5,'팬에 라자냐 파스타, 카레소스, 가지, 새송이버섯, 모짜렐라 치즈, 콜비잭 치즈를 2번 반복해서 얹고 전자레인지에서 치즈가 녹을 때까지 조리한다.\r\n\r\n','2022_0603_103543_217.jpg'),(280,88,6,'완성된 라자냐 위에 바질 등 허브를 얹어서 마무리한다.\r\n\r\n','2022_0603_103543_219.jpg'),(281,89,1,'닭가슴살은 한 입 크기로 썰어 소금, 후추로 밑간 한다.\r\n\r\n','2022_0603_103828_156.jpg'),(282,89,2,'중간 불로 달군 팬에 올리브유를 두르고 닭고기를 볶다가 다진 양파(1/2개 분량)와 다진 마늘을 넣어 볶는다.\r\n\r\n','2022_0603_103828_157.jpg'),(283,89,3,'양파가 투명해지면 카레가루와 케챂을 넣어 섞어 치킨 카레를 만든다.\r\n\r\n','2022_0603_103828_158.jpg'),(284,89,4,'기름기 없는 팬에 구운 또띠아에 양상추, 파프리카 등 야채를 올린다.\r\n\r\n','2022_0603_103828_159.jpg'),(285,89,5,'슬라이스한 아보카도, 3의 치킨 카레, 4의 토마토 살사를 얹고 말아서 마무리한다.* 취향에 따라 고수, 라임즙 등을 추가한다.\r\n\r\n','2022_0603_103828_159.jpg'),(286,90,1,'식빵은 버터를 두른 팬에서 앞뒤로 노릇하게 구워 준비한다.\r\n\r\n','2022_0603_104046_901.jpg'),(287,90,2,'식빵 한 면에 카레 소스를 골고루 바르고, 그 위에 슬라이스 치즈를 한 장씩 얹는다.\r\n\r\n','2022_0603_104046_902.jpg'),(288,90,3,'전자레인지 조리가 가능한 접시에 3의 식빵을 얹어 1분간 조리하여 치즈를 녹이고, 토스트 위에 파슬리가루 등을 뿌려 완성한다.\r\n\r\n','2022_0603_104046_902.jpg'),(289,90,4,'완성!','2022_0603_104046_904.jpg'),(290,91,1,'후라이팬에 버터와 다진 마늘, 다진 양파를 넣고 양파가 투명해질 때까지 볶는다.\r\n\r\n','2022_0603_104254_844.jpg'),(291,91,2,'1의 볶은 야채에 카레와 물을 넣고 끓어오르면 손질해둔 2의 채소를 넣고 약불로 줄여 끓인다.\r\n\r\n','2022_0603_104254_845.jpg'),(292,91,3,'기존 파스타 권장 조리시간보다 2~3분 줄여 파스파면을 삶는다.\r\n\r\n','2022_0603_104254_846.jpg'),(293,91,4,'준비해둔 대하와 파스타를 넣고 중불에서 3분간 끓인 후,\r\n\r\n','2022_0603_104254_847.jpg'),(294,92,1,'반으로 자른 방울토마토를 올리브오일과 소금, 후추에 버무린 후라이팬에 앞뒤로 노릇하게 구워 덜어둔다.\r\n\r\n','2022_0603_104448_015.jpg'),(295,92,2,'호박, 가지 버섯 등은 먹기 좋은 크기로 깍뚝 썰어 올리브오일과 소금, 후추를 약간 뿌려 팬에 볶는다.\r\n\r\n','2022_0603_104448_016.jpg'),(296,92,3,'반쯤 익은 2의 채소에 백세카레를 뿌린다.\r\n\r\n','2022_0603_104448_017.jpg'),(297,92,4,'분량의 파스타면을 삶아 준비하고, 1과 2의 토마토와 야채, 면수와 함께 버무려 완성한다.\r\n\r\n','2022_0603_104448_017.jpg'),(298,93,1,'양파와 피망은 채 썰고, 마늘과 양송이버섯은?편썰어 준비한다.\r\n\r\n','2022_0603_104650_279.jpg'),(299,93,2,'중간 불로 달군 냄비에 콩기름을 두르고 양파와 마늘을 볶다가 양파가 투명해지면 피망, 양송이버섯을 넣어?볶는다.\r\n\r\n','2022_0603_104650_280.jpg'),(300,93,3,'물과 카레가루를 넣어 걸쭉하게 끓인다.\r\n\r\n','2022_0603_104650_281.jpg'),(301,93,4,'소금과 후추를 뿌려 밑간한 쇠고기는 센 불로 달군 펜에서 앞뒤로 2~3분씩 굽는다.\r\n\r\n','2022_0603_104650_281.jpg'),(302,93,5,'접시에 스테이크를 담고 카레소스를 곁들여 완성한다.\r\n\r\n','2022_0603_104650_282.jpg'),(303,94,1,'양파, 감자, 애호박, 당근은 0.5cm로 채 썬다. \r\n\r\n','2022_0603_110132_589.jpg'),(304,94,2,'튀김가루에 물과 계란을 넣고 반죽을 만든 후 손질한 야채들을 넣고 버무린다.\r\n\r\n','2022_0603_110132_591.jpg'),(305,94,3,'유탕팬에 기름을 올리고 170도가 되면, 반죽을 조금씩 떼어서 1차로 3분간 튀긴다.\r\n\r\n','2022_0603_110132_592.jpg'),(306,94,4,'튀김은 식힘 망에서 기름을 뺀 후 2차로 1분간 튀긴 후 기름을 뺀다.\r\n\r\n','2022_0603_110132_593.jpg'),(307,94,5,'간장과 식초, 연와사비를 섞어 간장소스를 만들어 야채튀김과 함께 완성한다.\r\n\r\n','2022_0603_110132_594.jpg'),(308,95,1,'끓는 물에 계란 1개를 삶는다.(취향에 맞춰 익힘 정도 조절 반숙 6~8분 / 완숙 10~12분)\r\n\r\n','2022_0603_110656_919.jpg'),(309,95,2,'단호박은 껍질을 벗겨 약간의 슬라이스를 남기고 모두 토막 낸 후 내열용기에 담아 랩을 씌워 전자레인지에 5분간 익힌다.\r\n\r\n','2022_0603_110656_920.jpg'),(310,95,3,'익은 단호박과 삶은 달걀은 포크나 매셔로 부드럽게 으깬 후 오트밀과 섞는다.?\r\n\r\n(단호박 수분에 따라 질감이 다르므로, 너무 뻑뻑할 시, 우유를 넣어 부드럽게 해주세요! 너무 수분이 많으면 오트밀을 더 넣어 주세요!)','2022_0603_110656_921.jpg'),(311,95,4,'그라탕용기에 재료 섞은 단호박을 담고 소스를 위에 바른 후 모짜렐라와 슬라이스 단호박, 슬라이스 아몬드를 뿌린다.','2022_0603_110656_922.jpg'),(312,95,5,'180도 오븐에 10분 또는 전자레인지에 5분간 조리한 후 시나몬파우더를 뿌려 완성한다.\r\n\r\n','2022_0603_110656_923.jpg'),(314,97,1,'1단계는 ....................','2022_0603_163857_014.jpg'),(315,97,2,'2단계 2222','2022_0603_163857_015.jpg');
/*!40000 ALTER TABLE `Steps` ENABLE KEYS */;
UNLOCK TABLES;

--
-- Table structure for table `User`
--

DROP TABLE IF EXISTS `User`;
/*!40101 SET @saved_cs_client     = @@character_set_client */;
/*!50503 SET character_set_client = utf8mb4 */;
CREATE TABLE `User` (
  `USERID` varchar(20) NOT NULL,
  `name` varchar(20) DEFAULT NULL,
  `password` varchar(20) DEFAULT NULL,
  `tier` varchar(10) DEFAULT NULL,
  `hp` varchar(20) DEFAULT NULL,
  `email` varchar(50) DEFAULT NULL,
  `photo` varchar(255) DEFAULT NULL,
  `intro` varchar(300) DEFAULT NULL,
  `ownrecipe` varchar(300) DEFAULT NULL,
  `currentrecipe` varchar(30) DEFAULT 'none',
  `scraprecipe` varchar(30) DEFAULT 'none',
  `joinday` datetime DEFAULT NULL,
  `address` varchar(200) DEFAULT NULL,
  PRIMARY KEY (`USERID`)
) ENGINE=InnoDB DEFAULT CHARSET=utf8mb3;
/*!40101 SET character_set_client = @saved_cs_client */;

--
-- Dumping data for table `User`
--

LOCK TABLES `User` WRITE;
/*!40000 ALTER TABLE `User` DISABLE KEYS */;
INSERT INTO `User` VALUES ('31231231231','ㅁㅁㅁㅁㅁ','123',NULL,'01088889999','narris64@naver.com',NULL,NULL,NULL,'none','none','2022-06-03 01:50:20','서울 강동구 상일로11길 110,111123'),('aaaa','박민우','1111',NULL,'01088889999','narris64@gmail.com',NULL,NULL,NULL,'none','none','2022-06-03 01:29:02','제주특별자치도 제주시 첨단로 242 111-1'),('aaaaaa','aaaa','333',NULL,'010-0000-0000','aaa@gmail.com','2022_0603_092159_475.jpg','111',NULL,'none','none','2022-06-03 01:34:24','제주특별자치도 제주시 영평동 2181,111-11'),('bbbb','박민우','1234',NULL,'01011112222','bbb@naver.com',NULL,NULL,NULL,'none','none','2022-06-03 07:29:13','서울 강남구 압구정로11길 17,333-33'),('d','d','d',NULL,'d','d@d',NULL,NULL,NULL,'none','none','2022-06-01 11:12:29','서울 강남구 테헤란로 125 s'),('dfdf','김단비','12',NULL,'010-9999-8888','kyg8061@naver.com',NULL,NULL,NULL,'none','none','2022-05-31 08:20:20','서울 마포구 독막로3길 13 7888'),('dfdfff','2222','ff',NULL,'010-2222-3333','aa@nate.com',NULL,NULL,NULL,'none','none','2022-06-03 05:46:32','서울 강서구 개화동로11길 3-6,11'),('djkdlsl','김주희','1234',NULL,'01065217750','rlawngml@nate.com',NULL,NULL,NULL,'none','none','2022-08-01 07:28:28','서울 광진구 동일로10나길 3,원빌딩 2층'),('eee','ㄴㄴㄴ','123',NULL,'01088889999','1@nate.com',NULL,NULL,NULL,'none','none','2022-06-03 01:57:58','서울 강남구 도산대로33길 14,22'),('eeee','eee','eee',NULL,'ee','ee@google.com',NULL,NULL,NULL,NULL,'12','2022-05-20 01:19:46',NULL),('ffff','dd','fff',NULL,'01065217750','dd@naver.com',NULL,NULL,NULL,NULL,'16,8','2022-05-22 01:43:40','경기 화성시 봉담읍 낭내기길 5 11-11'),('hhhh','ㄴㄴㄴㄷ','hh',NULL,'01088889999','1@nate.com',NULL,NULL,NULL,'none','none','2022-06-03 02:00:23','서울 송파구 동남로 99,22'),('hhhh11','ㅂ','11',NULL,'01088889999','1@nate.com',NULL,NULL,NULL,'none','none','2022-06-03 02:01:02','서울 강서구 초원로11길 6,22'),('iiii','ㅂㅂㅂㅂ','oo',NULL,'01022226666','yy@naver.com',NULL,NULL,NULL,'none','none','2022-06-03 04:37:55','세종특별자치시 연동면 내송길 5,ㅇㅇ'),('jaja321123','김주희','1234',NULL,'01010101111','1234@naver.com',NULL,NULL,NULL,'none','none','2022-05-30 05:29:56','광주 동구 남계길 4 12길 '),('qlxmzoavm','비트캠프','1234',NULL,'010-1234-5678','qlxmzoavm@gmail.com',NULL,NULL,NULL,'none','none','2022-06-03 01:44:11','경기 평택시 청북읍 판교길 4,121-5'),('rlawngml','김주희','1234',NULL,'010-1234-5678','rlawngml@gmail.com',NULL,NULL,NULL,'none','none','2022-06-03 01:40:08','서울 강서구 공항대로59다길 91,121번지'),('rlawngml11','김주희','11111',NULL,'01065217750','rlawngml@naver.com',NULL,NULL,NULL,'none','none','2022-08-01 07:13:57','경기 성남시 분당구 고기로 25,원빌딩 2층'),('SSS','XPTMXM','DDD',NULL,'11111','DF@nate.com',NULL,NULL,NULL,'none','none','2022-06-02 02:55:31','서울 강남구 도산대로45길 15 12-1'),('sssddd','모두의식탁','1234',NULL,'010-1234-5678','rlawngml@gmail.com',NULL,NULL,NULL,'none','none','2022-06-03 01:41:44','서울 강서구 공항대로59다길 91,121번지'),('sssddddsss','fkfkfkfkf','1234',NULL,'010-1234-5678','rlawngml@gmail.com',NULL,NULL,NULL,'none','none','2022-06-03 01:42:02','서울 강서구 공항대로59다길 91,121번지'),('ssssss','김주희','1234',NULL,'11333344','asjkjka@naver.com',NULL,NULL,NULL,'none','none','2022-08-02 05:06:53','경기 성남시 분당구 서판교로 29,112호'),('test',NULL,'',NULL,'010-7777-7777','8888856s@nate.com','2022_0603_120034_710.jpg','666666','4,5,6,7,8,75,76,77,78,83,84,85,86,87,88,89,90,91,92,93,94,95',NULL,'1,4,5',NULL,'서울 마포구 독막로3길 13서울 중구 을지로 14912151,1232'),('test1111','test','1234',NULL,'01022223333','sss@nate.com',NULL,NULL,NULL,NULL,NULL,'2022-05-20 06:13:01','부산 해운대구 APEC로 1711-22'),('test2','테스트2','2222',NULL,'010-7889-8888','mail@gmail.com','2022_0531_154425_552.jpg','햐야ㅑ아잉fffffffffffffff',NULL,NULL,NULL,'2022-05-19 10:30:23',NULL),('tester','input','11','0','01010101111','sss@nate.com','2022_0603_163434_301.jpg','aaaaaaaa','25,26,27,28,30,31,32,33,34,35,36,37,38,39,40,41,42,43,44,45,46,47,48,49,50,51,52,53,54,55,56,57,58,59,60,61,62,63,64,65,66,67,68,69,70,71,72,73,74,79,80,81,82,96,97','1,2','37,38,39,40,41','2022-05-22 07:26:25','경기 성남시 분당구 판교역로 235,123-2'),('testest','테스트용입니다','1234',NULL,'12344566','111@nate.com',NULL,NULL,'none','none','6,14','2022-05-24 05:16:27','경기 성남시 분당구 대왕판교로 477 123-1번지'),('testtest','김준영','123',NULL,'112354897','789@naver.com',NULL,NULL,NULL,'none','none','2022-06-01 07:12:14','서울 강남구 가로수길 5 '),('ttt','ㅎㅎㅎ','t',NULL,'01088889999','ttt@nate.com',NULL,NULL,NULL,'none','none','2022-06-03 02:02:11','광주 광산구 2순환로 2474,22'),('ttt22','111111','22',NULL,'010-9999-8888','nnn@naver.com',NULL,NULL,NULL,'none','none','2022-06-03 05:42:09','서울 강남구 도곡로33길 4,445'),('tttt','ㅎㅎㅎ','tt',NULL,'01088889999','ttt@nate.com',NULL,NULL,NULL,'none','none','2022-06-03 02:02:50','서울 강북구 삼양로22길 3,22'),('zzz','ㄴㄴㄴ','11',NULL,'01088889999','1@nate.com',NULL,NULL,NULL,'none','none','2022-06-03 01:57:07','서울 강북구 솔매로44길 2,22'),('zzzz','ㅂㅂㅂ','zzzz',NULL,'010-1111-1111','narris64@naver.com',NULL,NULL,NULL,'none','none','2022-06-03 01:42:53','서울 강남구 논현로111길 3,111222'),('zzzzz','ㄴㄴ','zz',NULL,'01088889999','1@nate.com',NULL,NULL,NULL,'none','none','2022-06-03 01:52:33','서울 강북구 솔매로22길 3,22'),('ㅇㅇㅇㅇ','테스트','1234',NULL,'12345678','234567@naver.com',NULL,NULL,NULL,'none','none','2022-06-01 11:31:05','강원 춘천시 가래매기길 6 12-1번지');
/*!40000 ALTER TABLE `User` ENABLE KEYS */;
UNLOCK TABLES;
SET @@SESSION.SQL_LOG_BIN = @MYSQLDUMP_TEMP_LOG_BIN;
/*!40103 SET TIME_ZONE=@OLD_TIME_ZONE */;

/*!40101 SET SQL_MODE=@OLD_SQL_MODE */;
/*!40014 SET FOREIGN_KEY_CHECKS=@OLD_FOREIGN_KEY_CHECKS */;
/*!40014 SET UNIQUE_CHECKS=@OLD_UNIQUE_CHECKS */;
/*!40101 SET CHARACTER_SET_CLIENT=@OLD_CHARACTER_SET_CLIENT */;
/*!40101 SET CHARACTER_SET_RESULTS=@OLD_CHARACTER_SET_RESULTS */;
/*!40101 SET COLLATION_CONNECTION=@OLD_COLLATION_CONNECTION */;
/*!40111 SET SQL_NOTES=@OLD_SQL_NOTES */;

-- Dump completed on 2022-10-31 16:21:01
